360 Health and Community Limited;MEDINA;Assist-Life Stage, Transition;;;;ADDRESS CONFIDENTIAL
AC Mobility Pty Ltd;MALAGA;;610892091777;www.acmobility.com.au;sales@acmobility.com.au;5 Boulder Rd, MALAGA, WA, 6090
Access Innovation Media Pty Ltd;MACQUARIE PARK;;610288707711;;;12 Waterloo Road, MACQUARIE PARK, NSW, 2113
Access Without Barriers Pty Ltd;EAST VICTORIA PARK;;;;info@accesswithoutbarriers.com.au;Unit 4/20 Mildford Street, EAST VICTORIA PARK, WA, 6101
Activ Foundation Inc;WEMBLEY;Accommodation/Tenancy;"+611800622214
0000 000 000";www.activ.asn.au;tony.vis@activ.asn.au;327 Cambridge St, WEMBLEY, WA, 6014
;;Assist Access/Maintain Employ;+6118006222140 000 000 000;www.activ.asn.au;tony.vis@activ.asn.au;327 Cambridge St, WEMBLEY, WA, 6014
;;Assist-Integrate School/Ed;+6118006222140 000 000 000;www.activ.asn.au;tony.vis@activ.asn.au;327 Cambridge St, WEMBLEY, WA, 6014
;;Assist-Life Stage, Transition;+6118006222140 000 000 000;www.activ.asn.au;tony.vis@activ.asn.au;327 Cambridge St, WEMBLEY, WA, 6014
;;Assist-Personal Activities;+6118006222140 000 000 000;www.activ.asn.au;tony.vis@activ.asn.au;327 Cambridge St, WEMBLEY, WA, 6014
;;Assist-Travel/Transport;+6118006222140 000 000 000;www.activ.asn.au;tony.vis@activ.asn.au;327 Cambridge St, WEMBLEY, WA, 6014
;;Behaviour Support;+6118006222140 000 000 000;www.activ.asn.au;tony.vis@activ.asn.au;327 Cambridge St, WEMBLEY, WA, 6014
;;Daily Tasks/Shared Living;+6118006222140 000 000 000;www.activ.asn.au;tony.vis@activ.asn.au;327 Cambridge St, WEMBLEY, WA, 6014
;;Development-Life Skills;+6118006222140 000 000 000;www.activ.asn.au;tony.vis@activ.asn.au;327 Cambridge St, WEMBLEY, WA, 6014
;;Household Tasks;+6118006222140 000 000 000;www.activ.asn.au;tony.vis@activ.asn.au;327 Cambridge St, WEMBLEY, WA, 6014
;;Participate Community;+6118006222140 000 000 000;www.activ.asn.au;tony.vis@activ.asn.au;327 Cambridge St, WEMBLEY, WA, 6014
;;Plan Management;+6118006222140 000 000 000;www.activ.asn.au;tony.vis@activ.asn.au;327 Cambridge St, WEMBLEY, WA, 6014
Aftercare;MARGARET RIVER;Accommodation/Tenancy;;;;Margaret River Resource Centre, 33 Tunbridge Street, MARGARET RIVER, WA, 6285
;;Assist-Life Stage, Transition;;;;Margaret River Resource Centre, 33 Tunbridge Street, MARGARET RIVER, WA, 6285
;;Assist-Personal Activities;;;;Margaret River Resource Centre, 33 Tunbridge Street, MARGARET RIVER, WA, 6285
;;Daily Tasks/Shared Living;;;;Margaret River Resource Centre, 33 Tunbridge Street, MARGARET RIVER, WA, 6285
;;Development-Life Skills;;;;Margaret River Resource Centre, 33 Tunbridge Street, MARGARET RIVER, WA, 6285
;;Participate Community;;;;Margaret River Resource Centre, 33 Tunbridge Street, MARGARET RIVER, WA, 6285
;;Training-Travel Independence;;;;Margaret River Resource Centre, 33 Tunbridge Street, MARGARET RIVER, WA, 6285
Aleet Care Service Pty Ltd;COCKBURN CENTRAL;;610865553030;;mailpe@justbettercare.com;Unit 10W, Plaza 817, 817 Beeliar Drive, COCKBURN CENTRAL, WA, 6164
Alkira Care Services Pty Ltd;SOUTH LAKES;Assist-Personal Activities;610498990095;www.alkiracarerespiteservices.com.au;rosemary@alkiracarerespiteservices.com.au;47 Bolderwood Drive, SOUTH LAKES, WA, 6164
;;Community Nursing Care;610498990095;www.alkiracarerespiteservices.com.au;rosemary@alkiracarerespiteservices.com.au;47 Bolderwood Drive, SOUTH LAKES, WA, 6164
;;Development-Life Skills;610498990095;www.alkiracarerespiteservices.com.au;rosemary@alkiracarerespiteservices.com.au;47 Bolderwood Drive, SOUTH LAKES, WA, 6164
Alzheimer's Australia WA Ltd;SHENTON PARK;Assist-Life Stage, Transition;;;alzwa@alzheimers.asn.au;9 Bedbrook Place, SHENTON PARK, WA, 6008
;;Behaviour Support;;;alzwa@alzheimers.asn.au;9 Bedbrook Place, SHENTON PARK, WA, 6008
;;Development-Life Skills;;;alzwa@alzheimers.asn.au;9 Bedbrook Place, SHENTON PARK, WA, 6008
;;Participate Community;;;alzwa@alzheimers.asn.au;9 Bedbrook Place, SHENTON PARK, WA, 6008
;;Therapeutic Supports;;;alzwa@alzheimers.asn.au;9 Bedbrook Place, SHENTON PARK, WA, 6008
;;Training-Travel Independence;;;alzwa@alzheimers.asn.au;9 Bedbrook Place, SHENTON PARK, WA, 6008
Andison Family Trust;WELSHPOOL;Accommodation/Tenancy;610893515840;www.orionservices.com.au;enquiries@orionservices.com.au;ADDRESS CONFIDENTIAL
;;Assess-Skill, Ability, Needs;610893515840;www.orionservices.com.au;enquiries@orionservices.com.au;ADDRESS CONFIDENTIAL
;;Assist-Life Stage, Transition;610893515840;www.orionservices.com.au;enquiries@orionservices.com.au;ADDRESS CONFIDENTIAL
;;Assist-Personal Activities;610893515840;www.orionservices.com.au;enquiries@orionservices.com.au;ADDRESS CONFIDENTIAL
;;Assist-Travel/Transport;610893515840;www.orionservices.com.au;enquiries@orionservices.com.au;ADDRESS CONFIDENTIAL
;;Behaviour Support;610893515840;www.orionservices.com.au;enquiries@orionservices.com.au;ADDRESS CONFIDENTIAL
;;Community Nursing Care;610893515840;www.orionservices.com.au;enquiries@orionservices.com.au;ADDRESS CONFIDENTIAL
;;Daily Tasks/Shared Living;610893515840;www.orionservices.com.au;enquiries@orionservices.com.au;ADDRESS CONFIDENTIAL
;;Development-Life Skills;610893515840;www.orionservices.com.au;enquiries@orionservices.com.au;ADDRESS CONFIDENTIAL
;;Household Tasks;610893515840;www.orionservices.com.au;enquiries@orionservices.com.au;ADDRESS CONFIDENTIAL
;;Participate Community;610893515840;www.orionservices.com.au;enquiries@orionservices.com.au;ADDRESS CONFIDENTIAL
;;Plan Management;610893515840;www.orionservices.com.au;enquiries@orionservices.com.au;ADDRESS CONFIDENTIAL
;;Training-Travel Independence;610893515840;www.orionservices.com.au;enquiries@orionservices.com.au;ADDRESS CONFIDENTIAL
Anglicare WA;EAST PERTH;Assist-Life Stage, Transition;610863100516;http://www.anglicarewa.org.au;info@anglicarewa.org.au;23 Adelaide Terrace, EAST PERTH, WA, 6004
Archicentre Limited;SOUTH BRISBANE;;611300657836;www.archicentre.com.au;iagnew@archicentre.com.au;70 Merivale St, SOUTH BRISBANE, QLD, 4101
Auscare Staffing Agency Pty Ltd;BURSWOOD;;610863643917;www.auscaregroup.com.au;admin@auscaregroup.com.au;32 Stiles Avenue, BURSWOOD, WA, 6100
Australia Care Pty Ltd;MIDLAND;Assist-Life Stage, Transition;"+610892747575
(00) 00000000";www.mysupports.com.au;info@mysupports.com.au;3 Marion Street, MIDLAND, WA, 6056
;;Assist-Personal Activities;+610892747575(00) 00000000;www.mysupports.com.au;info@mysupports.com.au;3 Marion Street, MIDLAND, WA, 6056
;;Assist-Travel/Transport;+610892747575(00) 00000000;www.mysupports.com.au;info@mysupports.com.au;3 Marion Street, MIDLAND, WA, 6056
;;Daily Tasks/Shared Living;+610892747575(00) 00000000;www.mysupports.com.au;info@mysupports.com.au;3 Marion Street, MIDLAND, WA, 6056
;;Development-Life Skills;+610892747575(00) 00000000;www.mysupports.com.au;info@mysupports.com.au;3 Marion Street, MIDLAND, WA, 6056
;;Household Tasks;+610892747575(00) 00000000;www.mysupports.com.au;info@mysupports.com.au;3 Marion Street, MIDLAND, WA, 6056
;;Participate Community;+610892747575(00) 00000000;www.mysupports.com.au;info@mysupports.com.au;3 Marion Street, MIDLAND, WA, 6056
Australian Red Cross Society;COTTESLOE;Assess-Skill, Ability, Needs;610893182160;www.redcross.org.au;wainfo@redcross.org.au;8 Gibney Street, COTTESLOE, WA, 6011
;;Assist-Life Stage, Transition;610893182160;www.redcross.org.au;wainfo@redcross.org.au;8 Gibney Street, COTTESLOE, WA, 6011
;;Assist-Personal Activities;610893182160;www.redcross.org.au;wainfo@redcross.org.au;8 Gibney Street, COTTESLOE, WA, 6011
;;Assist-Travel/Transport;610893182160;www.redcross.org.au;wainfo@redcross.org.au;8 Gibney Street, COTTESLOE, WA, 6011
;;Community Nursing Care;610893182160;www.redcross.org.au;wainfo@redcross.org.au;8 Gibney Street, COTTESLOE, WA, 6011
;;Daily Tasks/Shared Living;610893182160;www.redcross.org.au;wainfo@redcross.org.au;8 Gibney Street, COTTESLOE, WA, 6011
;;Household Tasks;610893182160;www.redcross.org.au;wainfo@redcross.org.au;8 Gibney Street, COTTESLOE, WA, 6011
;;Participate Community;610893182160;www.redcross.org.au;wainfo@redcross.org.au;8 Gibney Street, COTTESLOE, WA, 6011
;;Training-Travel Independence;610893182160;www.redcross.org.au;wainfo@redcross.org.au;8 Gibney Street, COTTESLOE, WA, 6011
Autism Alliance Pty Ltd;MALAGA;Assess-Skill, Ability, Needs;"+610892487413
00 00000000";www.autismalliance.com.au;reception@autismalliance.com.au;Unit 6, 16 Stanford Way, MALAGA, WA, 6090
;;Behaviour Support;+6108924874130 0 00000000;www.autismalliance.com.au;reception@autismalliance.com.au;Unit 6, 16 Stanford Way, MALAGA, WA, 6090
;;Early Childhood Supports;+6108924874130 0 00000000;www.autismalliance.com.au;reception@autismalliance.com.au;Unit 6, 16 Stanford Way, MALAGA, WA, 6090
Autism Association of Western Australia (Inc);SHENTON PARK;Accommodation/Tenancy;;;;215 Stubb Tce, SHENTON PARK, WA, 6008
;;Assess-Skill, Ability, Needs;;;;215 Stubb Tce, SHENTON PARK, WA, 6008
;;Assist Access/Maintain Employ;;;;215 Stubb Tce, SHENTON PARK, WA, 6008
;;Assist-Integrate School/Ed;;;;215 Stubb Tce, SHENTON PARK, WA, 6008
;;Assist-Life Stage, Transition;;;;215 Stubb Tce, SHENTON PARK, WA, 6008
;;Assist-Personal Activities;;;;215 Stubb Tce, SHENTON PARK, WA, 6008
;;Assist-Travel/Transport;;;;215 Stubb Tce, SHENTON PARK, WA, 6008
;;Behaviour Support;;;;215 Stubb Tce, SHENTON PARK, WA, 6008
;;Daily Tasks/Shared Living;;;;215 Stubb Tce, SHENTON PARK, WA, 6008
;;Development-Life Skills;;;;215 Stubb Tce, SHENTON PARK, WA, 6008
;;Early Childhood Supports;;;;215 Stubb Tce, SHENTON PARK, WA, 6008
;;Equipment Special Assess Setup;;;;215 Stubb Tce, SHENTON PARK, WA, 6008
;;Household Tasks;;;;215 Stubb Tce, SHENTON PARK, WA, 6008
;;Other Innovative Supports;;;;215 Stubb Tce, SHENTON PARK, WA, 6008
;;Participate Community;;;;215 Stubb Tce, SHENTON PARK, WA, 6008
;;Plan Management;;;;215 Stubb Tce, SHENTON PARK, WA, 6008
;;Therapeutic Supports;;;;215 Stubb Tce, SHENTON PARK, WA, 6008
;;Training-Travel Independence;;;;215 Stubb Tce, SHENTON PARK, WA, 6008
Avon Community Employment Support Centre Inc;MIDLAND;Accommodation/Tenancy;;;tony@essentialpersonnel.org.au;1/21 SPRINGPARK ROAD, MIDLAND, WA, 6056
;;Assist Access/Maintain Employ;;;tony@essentialpersonnel.org.au;1/21 SPRINGPARK ROAD, MIDLAND, WA, 6056
;;Assist-Integrate School/Ed;;;tony@essentialpersonnel.org.au;1/21 SPRINGPARK ROAD, MIDLAND, WA, 6056
;;Assist-Life Stage, Transition;;;tony@essentialpersonnel.org.au;1/21 SPRINGPARK ROAD, MIDLAND, WA, 6056
;;Assist-Personal Activities;;;tony@essentialpersonnel.org.au;1/21 SPRINGPARK ROAD, MIDLAND, WA, 6056
;;Assist-Travel/Transport;;;tony@essentialpersonnel.org.au;1/21 SPRINGPARK ROAD, MIDLAND, WA, 6056
;;Daily Tasks/Shared Living;;;tony@essentialpersonnel.org.au;1/21 SPRINGPARK ROAD, MIDLAND, WA, 6056
;;Development-Life Skills;;;tony@essentialpersonnel.org.au;1/21 SPRINGPARK ROAD, MIDLAND, WA, 6056
;;Household Tasks;;;tony@essentialpersonnel.org.au;1/21 SPRINGPARK ROAD, MIDLAND, WA, 6056
;;Other Innovative Supports;;;tony@essentialpersonnel.org.au;1/21 SPRINGPARK ROAD, MIDLAND, WA, 6056
;;Participate Community;;;tony@essentialpersonnel.org.au;1/21 SPRINGPARK ROAD, MIDLAND, WA, 6056
;;Plan Management;;;tony@essentialpersonnel.org.au;1/21 SPRINGPARK ROAD, MIDLAND, WA, 6056
;;Training-Travel Independence;;;tony@essentialpersonnel.org.au;1/21 SPRINGPARK ROAD, MIDLAND, WA, 6056
Baptist Care Inc;WELSHPOOL;Assist-Personal Activities;611300660640;www.baptistcare.com.au;admin@baptistcare.com.au;100 Welshpool Road, WELSHPOOL, WA, 6106
;;Participate Community;611300660640;www.baptistcare.com.au;admin@baptistcare.com.au;100 Welshpool Road, WELSHPOOL, WA, 6106
Bell, Jacintha;GREENWOOD;;610403803434;www.lifeworksot.com.au;jacintha@lifeworksot.com.au;3 Reserve Close, GREENWOOD, WA, 6024
Bernwen Pty Ltd ATF The Croft Trust T/A Child Wellbeing Centre;DARLINGTON;Assess-Skill, Ability, Needs;610892747062;;naomi.ward@westnet.com.au;18 Cook Street, DARLINGTON, WA, 6070
;;Behaviour Support;610892747062;;naomi.ward@westnet.com.au;18 Cook Street, DARLINGTON, WA, 6070
;;Early Childhood Supports;610892747062;;naomi.ward@westnet.com.au;18 Cook Street, DARLINGTON, WA, 6070
;;Therapeutic Supports;610892747062;;naomi.ward@westnet.com.au;18 Cook Street, DARLINGTON, WA, 6070
Bhargava, Dolly;SOUTH PERTH;Therapeutic Supports;;;dolly_bhargava@hotmail.com;1 Jubilee Street, SOUTH PERTH, WA, 6151
Boyle, Gail Elizabeth;FREMANTLE;Therapeutic Supports;610420336554;www.portcounselling.com.au;gailboyle@westnet.com.au;Floor 1, 12 Mouat Street, FREMANTLE, WA, 6160
Brightwater Care Group (Inc);OSBORNE PARK;Assess-Skill, Ability, Needs;"+610457986823
0000 000 000";www.brightwatergroup.com;welcome@brightwatergroup.com;Level 3, Brightwater House, 355 Scarborough Beach Road, OSBORNE PARK, WA, 6017
;;Assist-Life Stage, Transition;+6104579868230 000 000 000;www.brightwatergroup.com;welcome@brightwatergroup.com;Level 3, Brightwater House, 355 Scarborough Beach Road, OSBORNE PARK, WA, 6017
;;Assist-Personal Activities;+6104579868230 000 000 000;www.brightwatergroup.com;welcome@brightwatergroup.com;Level 3, Brightwater House, 355 Scarborough Beach Road, OSBORNE PARK, WA, 6017
;;Behaviour Support;+6104579868230 000 000 000;www.brightwatergroup.com;welcome@brightwatergroup.com;Level 3, Brightwater House, 355 Scarborough Beach Road, OSBORNE PARK, WA, 6017
;;Development-Life Skills;+6104579868230 000 000 000;www.brightwatergroup.com;welcome@brightwatergroup.com;Level 3, Brightwater House, 355 Scarborough Beach Road, OSBORNE PARK, WA, 6017
;;Equipment Special Assess Setup;+6104579868230 000 000 000;www.brightwatergroup.com;welcome@brightwatergroup.com;Level 3, Brightwater House, 355 Scarborough Beach Road, OSBORNE PARK, WA, 6017
;;Participate Community;+6104579868230 000 000 000;www.brightwatergroup.com;welcome@brightwatergroup.com;Level 3, Brightwater House, 355 Scarborough Beach Road, OSBORNE PARK, WA, 6017
;;Therapeutic Supports;+6104579868230 000 000 000;www.brightwatergroup.com;welcome@brightwatergroup.com;Level 3, Brightwater House, 355 Scarborough Beach Road, OSBORNE PARK, WA, 6017
Budiselik, Morag;WILSON;Behaviour Support;610438231742;;budiselik@bigpond.com;3 Perina Place, WILSON, WA, 6107
C.A Marshall & R.J Salamon;EAST VICTORIA PARK;Accommodation/Tenancy;610450091478;www.facilitatrix.com.au;info@facilitatrix.com.au;ADDRESS CONFIDENTIAL
;;Assess-Skill, Ability, Needs;610450091478;www.facilitatrix.com.au;info@facilitatrix.com.au;ADDRESS CONFIDENTIAL
;;Assist Access/Maintain Employ;610450091478;www.facilitatrix.com.au;info@facilitatrix.com.au;ADDRESS CONFIDENTIAL
;;Assist-Life Stage, Transition;610450091478;www.facilitatrix.com.au;info@facilitatrix.com.au;ADDRESS CONFIDENTIAL
;;Assist-Travel/Transport;610450091478;www.facilitatrix.com.au;info@facilitatrix.com.au;ADDRESS CONFIDENTIAL
;;Development-Life Skills;610450091478;www.facilitatrix.com.au;info@facilitatrix.com.au;ADDRESS CONFIDENTIAL
;;Participate Community;610450091478;www.facilitatrix.com.au;info@facilitatrix.com.au;ADDRESS CONFIDENTIAL
;;Therapeutic Supports;610450091478;www.facilitatrix.com.au;info@facilitatrix.com.au;ADDRESS CONFIDENTIAL
City of Stirling;STIRLING;Assist-Personal Activities;610892057950;www.stirling.wa.gov.au;stirling@stirling.wa.gov.au;25 Cedric Street, STIRLING, WA, 6021
;;Assist-Travel/Transport;610892057950;www.stirling.wa.gov.au;stirling@stirling.wa.gov.au;25 Cedric Street, STIRLING, WA, 6021
;;Development-Life Skills;610892057950;www.stirling.wa.gov.au;stirling@stirling.wa.gov.au;25 Cedric Street, STIRLING, WA, 6021
;;Participate Community;610892057950;www.stirling.wa.gov.au;stirling@stirling.wa.gov.au;25 Cedric Street, STIRLING, WA, 6021
City of Swan;MIDLAND;Assist-Personal Activities;610892679055;http://cityofswan.wa.gov.au;haccadmin@swan.wa.gov.au;Swan Caring, 2 Templeman Place, MIDLAND, WA, 6056
;;Household Tasks;610892679055;http://cityofswan.wa.gov.au;haccadmin@swan.wa.gov.au;Swan Caring, 2 Templeman Place, MIDLAND, WA, 6056
;;Participate Community;610892679055;http://cityofswan.wa.gov.au;haccadmin@swan.wa.gov.au;Swan Caring, 2 Templeman Place, MIDLAND, WA, 6056
Cobcroft, Belinda Michelle;BASSENDEAN;Assess-Skill, Ability, Needs;610862781984;;cornwallot@westnet.com.au;11 Kenny Street, BASSENDEAN, WA, 6054
;;Early Childhood Supports;610862781984;;cornwallot@westnet.com.au;11 Kenny Street, BASSENDEAN, WA, 6054
;;Equipment Special Assess Setup;610862781984;;cornwallot@westnet.com.au;11 Kenny Street, BASSENDEAN, WA, 6054
;;Therapeutic Supports;610862781984;;cornwallot@westnet.com.au;11 Kenny Street, BASSENDEAN, WA, 6054
Community First International Limited;SUBIACO;Development-Life Skills;610895915500;www.cfi.net.au;eileena@cfi.net.au;Level 2, 40 Subiaco Square Road, SUBIACO, WA, 6008
;;Participate Community;610895915500;www.cfi.net.au;eileena@cfi.net.au;Level 2, 40 Subiaco Square Road, SUBIACO, WA, 6008
Crosslinks Incorporated;MIDLAND;Accommodation/Tenancy;610893741600;www.crosslinksinc.org.au;reception@crosslinksinc.org.au;6 Cale Street, MIDLAND, WA, 6056
;;Assist-Integrate School/Ed;610893741600;www.crosslinksinc.org.au;reception@crosslinksinc.org.au;6 Cale Street, MIDLAND, WA, 6056
;;Assist-Life Stage, Transition;610893741600;www.crosslinksinc.org.au;reception@crosslinksinc.org.au;6 Cale Street, MIDLAND, WA, 6056
;;Assist-Personal Activities;610893741600;www.crosslinksinc.org.au;reception@crosslinksinc.org.au;6 Cale Street, MIDLAND, WA, 6056
;;Assist-Travel/Transport;610893741600;www.crosslinksinc.org.au;reception@crosslinksinc.org.au;6 Cale Street, MIDLAND, WA, 6056
;;Daily Tasks/Shared Living;610893741600;www.crosslinksinc.org.au;reception@crosslinksinc.org.au;6 Cale Street, MIDLAND, WA, 6056
;;Development-Life Skills;610893741600;www.crosslinksinc.org.au;reception@crosslinksinc.org.au;6 Cale Street, MIDLAND, WA, 6056
;;Household Tasks;610893741600;www.crosslinksinc.org.au;reception@crosslinksinc.org.au;6 Cale Street, MIDLAND, WA, 6056
;;Participate Community;610893741600;www.crosslinksinc.org.au;reception@crosslinksinc.org.au;6 Cale Street, MIDLAND, WA, 6056
;;Training-Travel Independence;610893741600;www.crosslinksinc.org.au;reception@crosslinksinc.org.au;6 Cale Street, MIDLAND, WA, 6056
Cystic Fibrosis Western Australia Inc;NEDLANDS;;;;info@cfwa.info;Level 2 The Niche, 11 Aberdare Road, NEDLANDS, WA, 6009
D.G & D.K Szczecinski;MUNDARING;Assess-Skill, Ability, Needs;610488186603;www.selfawarenessmethod.com.au;info@selfawarenessmethod.com.au;Nichol House, 3 Nichol St, MUNDARING, WA, 6073
;;Behaviour Support;610488186603;www.selfawarenessmethod.com.au;info@selfawarenessmethod.com.au;Nichol House, 3 Nichol St, MUNDARING, WA, 6073
;;Early Childhood Supports;610488186603;www.selfawarenessmethod.com.au;info@selfawarenessmethod.com.au;Nichol House, 3 Nichol St, MUNDARING, WA, 6073
;;Therapeutic Supports;610488186603;www.selfawarenessmethod.com.au;info@selfawarenessmethod.com.au;Nichol House, 3 Nichol St, MUNDARING, WA, 6073
DADAA LTD;FREMANTLE;Assist-Life Stage, Transition;610894306616;www.dadaa.org.au;mallika@dadaa.org.au;21 Beach St,, FREMANTLE, WA, 6160
;;Assist-Personal Activities;610894306616;www.dadaa.org.au;mallika@dadaa.org.au;21 Beach St,, FREMANTLE, WA, 6160
;;Assist-Travel/Transport;610894306616;www.dadaa.org.au;mallika@dadaa.org.au;21 Beach St,, FREMANTLE, WA, 6160
;;Development-Life Skills;610894306616;www.dadaa.org.au;mallika@dadaa.org.au;21 Beach St,, FREMANTLE, WA, 6160
;;Participate Community;610894306616;www.dadaa.org.au;mallika@dadaa.org.au;21 Beach St,, FREMANTLE, WA, 6160
;;Training-Travel Independence;610894306616;www.dadaa.org.au;mallika@dadaa.org.au;21 Beach St,, FREMANTLE, WA, 6160
Directions Family Support Association Inc;MADDINGTON;;610893997477;www.directionsfsa.org.au;frank@directionsfsa.org.au;12 Blackburn Street, MADDINGTON, WA, 6109
Disability Services Commission;WEST PERTH;Assess-Skill, Ability, Needs;610894269200;www.disability.wa.gov.au;dsc@dsc.wa.gov.au;146-160 Colin Street, WEST PERTH, WA, 6005
;;Assistive Equip-Recreation;610894269200;www.disability.wa.gov.au;dsc@dsc.wa.gov.au;146-160 Colin Street, WEST PERTH, WA, 6005
;;Behaviour Support;610894269200;www.disability.wa.gov.au;dsc@dsc.wa.gov.au;146-160 Colin Street, WEST PERTH, WA, 6005
;;Early Childhood Supports;610894269200;www.disability.wa.gov.au;dsc@dsc.wa.gov.au;146-160 Colin Street, WEST PERTH, WA, 6005
;;Equipment Special Assess Setup;610894269200;www.disability.wa.gov.au;dsc@dsc.wa.gov.au;146-160 Colin Street, WEST PERTH, WA, 6005
;;Interpret/Translate;610894269200;www.disability.wa.gov.au;dsc@dsc.wa.gov.au;146-160 Colin Street, WEST PERTH, WA, 6005
;;Physical Wellbeing;610894269200;www.disability.wa.gov.au;dsc@dsc.wa.gov.au;146-160 Colin Street, WEST PERTH, WA, 6005
;;Therapeutic Supports;610894269200;www.disability.wa.gov.au;dsc@dsc.wa.gov.au;146-160 Colin Street, WEST PERTH, WA, 6005
;;Training-Travel Independence;610894269200;www.disability.wa.gov.au;dsc@dsc.wa.gov.au;146-160 Colin Street, WEST PERTH, WA, 6005
Druett, Claire Nicole;FLOREAT;Early Childhood Supports;;;claire@aimot.com.au;2/434 Cambridge Street, FLOREAT, WA, 6014
;;Therapeutic Supports;;;claire@aimot.com.au;2/434 Cambridge Street, FLOREAT, WA, 6014
Elba Inc;BOORAGOON;Accommodation/Tenancy;610893169944;www.elba.net.au;stefanie@elba.net.au;Gateway Business Centre, Suite 18, 173 Davy Street, BOORAGOON, WA, 6154
;;Assist Access/Maintain Employ;610893169944;www.elba.net.au;stefanie@elba.net.au;Gateway Business Centre, Suite 18, 173 Davy Street, BOORAGOON, WA, 6154
;;Assist-Integrate School/Ed;610893169944;www.elba.net.au;stefanie@elba.net.au;Gateway Business Centre, Suite 18, 173 Davy Street, BOORAGOON, WA, 6154
;;Assist-Life Stage, Transition;610893169944;www.elba.net.au;stefanie@elba.net.au;Gateway Business Centre, Suite 18, 173 Davy Street, BOORAGOON, WA, 6154
;;Assist-Personal Activities;610893169944;www.elba.net.au;stefanie@elba.net.au;Gateway Business Centre, Suite 18, 173 Davy Street, BOORAGOON, WA, 6154
;;Assist-Travel/Transport;610893169944;www.elba.net.au;stefanie@elba.net.au;Gateway Business Centre, Suite 18, 173 Davy Street, BOORAGOON, WA, 6154
;;Development-Life Skills;610893169944;www.elba.net.au;stefanie@elba.net.au;Gateway Business Centre, Suite 18, 173 Davy Street, BOORAGOON, WA, 6154
;;Household Tasks;610893169944;www.elba.net.au;stefanie@elba.net.au;Gateway Business Centre, Suite 18, 173 Davy Street, BOORAGOON, WA, 6154
;;Participate Community;610893169944;www.elba.net.au;stefanie@elba.net.au;Gateway Business Centre, Suite 18, 173 Davy Street, BOORAGOON, WA, 6154
;;Plan Management;610893169944;www.elba.net.au;stefanie@elba.net.au;Gateway Business Centre, Suite 18, 173 Davy Street, BOORAGOON, WA, 6154
;;Training-Travel Independence;610893169944;www.elba.net.au;stefanie@elba.net.au;Gateway Business Centre, Suite 18, 173 Davy Street, BOORAGOON, WA, 6154
Epic Employment Service Incorporated;WINDSOR;Plan Management;610738575085;www.epicassist.org;epic@epic.org.au;230 Lutwyche Rd, WINDSOR, QLD, 4030
Family Support WA Inc;WANNEROO;Assist-Integrate School/Ed;610894051885;familysupportwa.org.au;info@familysupportwa.org.au;3 / 631 Wanneroo Road, WANNEROO, WA, 6065
;;Assist-Life Stage, Transition;610894051885;familysupportwa.org.au;info@familysupportwa.org.au;3 / 631 Wanneroo Road, WANNEROO, WA, 6065
;;Assist-Personal Activities;610894051885;familysupportwa.org.au;info@familysupportwa.org.au;3 / 631 Wanneroo Road, WANNEROO, WA, 6065
;;Assist-Travel/Transport;610894051885;familysupportwa.org.au;info@familysupportwa.org.au;3 / 631 Wanneroo Road, WANNEROO, WA, 6065
;;Behaviour Support;610894051885;familysupportwa.org.au;info@familysupportwa.org.au;3 / 631 Wanneroo Road, WANNEROO, WA, 6065
;;Daily Tasks/Shared Living;610894051885;familysupportwa.org.au;info@familysupportwa.org.au;3 / 631 Wanneroo Road, WANNEROO, WA, 6065
;;Development-Life Skills;610894051885;familysupportwa.org.au;info@familysupportwa.org.au;3 / 631 Wanneroo Road, WANNEROO, WA, 6065
;;Household Tasks;610894051885;familysupportwa.org.au;info@familysupportwa.org.au;3 / 631 Wanneroo Road, WANNEROO, WA, 6065
;;Participate Community;610894051885;familysupportwa.org.au;info@familysupportwa.org.au;3 / 631 Wanneroo Road, WANNEROO, WA, 6065
;;Physical Wellbeing;610894051885;familysupportwa.org.au;info@familysupportwa.org.au;3 / 631 Wanneroo Road, WANNEROO, WA, 6065
;;Training-Travel Independence;610894051885;familysupportwa.org.au;info@familysupportwa.org.au;3 / 631 Wanneroo Road, WANNEROO, WA, 6065
Fong, Maxine Meng Si;NEDLANDS;Assess-Skill, Ability, Needs;610422244099;;maxine.fong@gmail.com;5B Mountjoy Road, NEDLANDS, WA, 6009
;;Early Childhood Supports;610422244099;;maxine.fong@gmail.com;5B Mountjoy Road, NEDLANDS, WA, 6009
;;Therapeutic Supports;610422244099;;maxine.fong@gmail.com;5B Mountjoy Road, NEDLANDS, WA, 6009
Fremantle Orthotic Services Pty Ltd;SHENTON PARK;Equipment Special Assess Setup;610893813444;www.fos.com.au;sp@fos.com.au;10 Selby Street, SHENTON PARK, WA, 6008
;;Personal Mobility Equipment;610893813444;www.fos.com.au;sp@fos.com.au;10 Selby Street, SHENTON PARK, WA, 6008
Good Samaritan Industries;CANNING VALE;Assist Access/Maintain Employ;610894630500;www.goodsamaritan.com.au;stephanie.ransome@gsi.org.au;33-35 Bannister Rd, CANNING VALE, WA, 6155
;;Assist-Integrate School/Ed;610894630500;www.goodsamaritan.com.au;stephanie.ransome@gsi.org.au;33-35 Bannister Rd, CANNING VALE, WA, 6155
;;Assist-Life Stage, Transition;610894630500;www.goodsamaritan.com.au;stephanie.ransome@gsi.org.au;33-35 Bannister Rd, CANNING VALE, WA, 6155
;;Development-Life Skills;610894630500;www.goodsamaritan.com.au;stephanie.ransome@gsi.org.au;33-35 Bannister Rd, CANNING VALE, WA, 6155
;;Participate Community;610894630500;www.goodsamaritan.com.au;stephanie.ransome@gsi.org.au;33-35 Bannister Rd, CANNING VALE, WA, 6155
;;Training-Travel Independence;610894630500;www.goodsamaritan.com.au;stephanie.ransome@gsi.org.au;33-35 Bannister Rd, CANNING VALE, WA, 6155
Healthcare Australia Pty Ltd;OSBOURNE PARK;Assess-Skill, Ability, Needs;"+610864658600
(00) 0000 0000";www.healthcareaustralia.com.au;ian.newall@healthcareaustralia.com.au;355 Scarborough Beach Road, OSBOURNE PARK, WA, 6017
;;Assist-Personal Activities;+610864658600(00) 0000 0000;www.healthcareaustralia.com.au;ian.newall@healthcareaustralia.com.au;355 Scarborough Beach Road, OSBOURNE PARK, WA, 6017
;;Community Nursing Care;+610864658600(00) 0000 0000;www.healthcareaustralia.com.au;ian.newall@healthcareaustralia.com.au;355 Scarborough Beach Road, OSBOURNE PARK, WA, 6017
;;Daily Tasks/Shared Living;+610864658600(00) 0000 0000;www.healthcareaustralia.com.au;ian.newall@healthcareaustralia.com.au;355 Scarborough Beach Road, OSBOURNE PARK, WA, 6017
Hills Enterprises Pty Ltd;BELMONT;Assist Prod-Pers Care/Safety;610892772988;http://www.tlcu.com.au;contact@tlcu.com.au;Unit 4 (rear unit), 147-151 Belmont Avenue, BELMONT, WA, 6104
;;Assistive Equip-Recreation;610892772988;http://www.tlcu.com.au;contact@tlcu.com.au;Unit 4 (rear unit), 147-151 Belmont Avenue, BELMONT, WA, 6104
;;Assistive Prod-Household Task;610892772988;http://www.tlcu.com.au;contact@tlcu.com.au;Unit 4 (rear unit), 147-151 Belmont Avenue, BELMONT, WA, 6104
;;Equipment Special Assess Setup;610892772988;http://www.tlcu.com.au;contact@tlcu.com.au;Unit 4 (rear unit), 147-151 Belmont Avenue, BELMONT, WA, 6104
;;Personal Mobility Equipment;610892772988;http://www.tlcu.com.au;contact@tlcu.com.au;Unit 4 (rear unit), 147-151 Belmont Avenue, BELMONT, WA, 6104
;;Therapeutic Supports;610892772988;http://www.tlcu.com.au;contact@tlcu.com.au;Unit 4 (rear unit), 147-151 Belmont Avenue, BELMONT, WA, 6104
Huntleigh Healthcare Pty Ltd;O CONNOR;Assist Prod-Pers Care/Safety;;;sales@arjohuntleigh.com;78 Forsyth Street, O CONNOR, WA, 6163
;;Personal Mobility Equipment;;;sales@arjohuntleigh.com;78 Forsyth Street, O CONNOR, WA, 6163
I.S.A.D.D. Pty Ltd;NORTH PERTH;Assess-Skill, Ability, Needs;;;isaddoffice@bigpond.com;50 Angove Street, NORTH PERTH, WA, 6006
;;Behaviour Support;;;isaddoffice@bigpond.com;50 Angove Street, NORTH PERTH, WA, 6006
;;Early Childhood Supports;;;isaddoffice@bigpond.com;50 Angove Street, NORTH PERTH, WA, 6006
;;Therapeutic Supports;;;isaddoffice@bigpond.com;50 Angove Street, NORTH PERTH, WA, 6006
Identitywa;KENSINGTON;Accommodation/Tenancy;610894743303;www.identitywa.com.au;reception@identitywa.com.au;46 David Street, KENSINGTON, WA, 6151
;;Assist-Integrate School/Ed;610894743303;www.identitywa.com.au;reception@identitywa.com.au;46 David Street, KENSINGTON, WA, 6151
;;Assist-Life Stage, Transition;610894743303;www.identitywa.com.au;reception@identitywa.com.au;46 David Street, KENSINGTON, WA, 6151
;;Assist-Personal Activities;610894743303;www.identitywa.com.au;reception@identitywa.com.au;46 David Street, KENSINGTON, WA, 6151
;;Assist-Travel/Transport;610894743303;www.identitywa.com.au;reception@identitywa.com.au;46 David Street, KENSINGTON, WA, 6151
;;Behaviour Support;610894743303;www.identitywa.com.au;reception@identitywa.com.au;46 David Street, KENSINGTON, WA, 6151
;;Community Nursing Care;610894743303;www.identitywa.com.au;reception@identitywa.com.au;46 David Street, KENSINGTON, WA, 6151
;;Daily Tasks/Shared Living;610894743303;www.identitywa.com.au;reception@identitywa.com.au;46 David Street, KENSINGTON, WA, 6151
;;Development-Life Skills;610894743303;www.identitywa.com.au;reception@identitywa.com.au;46 David Street, KENSINGTON, WA, 6151
;;Household Tasks;610894743303;www.identitywa.com.au;reception@identitywa.com.au;46 David Street, KENSINGTON, WA, 6151
;;Participate Community;610894743303;www.identitywa.com.au;reception@identitywa.com.au;46 David Street, KENSINGTON, WA, 6151
;;Plan Management;610894743303;www.identitywa.com.au;reception@identitywa.com.au;46 David Street, KENSINGTON, WA, 6151
;;Training-Travel Independence;610894743303;www.identitywa.com.au;reception@identitywa.com.au;46 David Street, KENSINGTON, WA, 6151
IMAGINATION HEALTH GROUP;BASSENDEAN;Comms & Info Equipment;610432015026;www.assistoccupationaltherapy.com;assistot@gmail.com;ADDRESS CONFIDENTIAL
;;Equipment Special Assess Setup;610432015026;www.assistoccupationaltherapy.com;assistot@gmail.com;ADDRESS CONFIDENTIAL
;;Personal Mobility Equipment;610432015026;www.assistoccupationaltherapy.com;assistot@gmail.com;ADDRESS CONFIDENTIAL
IN Construction Australia Pty Ltd;BALCATTA;;;;dwayne@rhgic.com.au;2/8 Whipple Street, BALCATTA, WA, 6065
Inclusion WA Inc;OSBORNE PARK;Assist Access/Maintain Employ;610892018900;www.inclusionwa.org.au;paul.fleay@inclusionwa.org.au;Unit 4, 61 Walters Drive, OSBORNE PARK, WA, 6017
;;Assist-Integrate School/Ed;610892018900;www.inclusionwa.org.au;paul.fleay@inclusionwa.org.au;Unit 4, 61 Walters Drive, OSBORNE PARK, WA, 6017
;;Assist-Life Stage, Transition;610892018900;www.inclusionwa.org.au;paul.fleay@inclusionwa.org.au;Unit 4, 61 Walters Drive, OSBORNE PARK, WA, 6017
;;Assist-Travel/Transport;610892018900;www.inclusionwa.org.au;paul.fleay@inclusionwa.org.au;Unit 4, 61 Walters Drive, OSBORNE PARK, WA, 6017
;;Participate Community;610892018900;www.inclusionwa.org.au;paul.fleay@inclusionwa.org.au;Unit 4, 61 Walters Drive, OSBORNE PARK, WA, 6017
Independent Living Centre of Western Australia Inc;NEDLANDS;Assess-Skill, Ability, Needs;"+611300885886
0000 000 000";www.ilc.com.au;general@ilc.com.au;The Niche, Suite A, 11 Aberdare Road, NEDLANDS, WA, 6009
;;Assist Prod-Pers Care/Safety;+6113008858860 000 000 000;www.ilc.com.au;general@ilc.com.au;The Niche, Suite A, 11 Aberdare Road, NEDLANDS, WA, 6009
;;Assistive Equip-Recreation;+6113008858860 000 000 000;www.ilc.com.au;general@ilc.com.au;The Niche, Suite A, 11 Aberdare Road, NEDLANDS, WA, 6009
;;Assistive Prod-Household Task;+6113008858860 000 000 000;www.ilc.com.au;general@ilc.com.au;The Niche, Suite A, 11 Aberdare Road, NEDLANDS, WA, 6009
;;Comms & Info Equipment;+6113008858860 000 000 000;www.ilc.com.au;general@ilc.com.au;The Niche, Suite A, 11 Aberdare Road, NEDLANDS, WA, 6009
;;Early Childhood Supports;+6113008858860 000 000 000;www.ilc.com.au;general@ilc.com.au;The Niche, Suite A, 11 Aberdare Road, NEDLANDS, WA, 6009
;;Equipment Special Assess Setup;+6113008858860 000 000 000;www.ilc.com.au;general@ilc.com.au;The Niche, Suite A, 11 Aberdare Road, NEDLANDS, WA, 6009
;;Home Modification;+6113008858860 000 000 000;www.ilc.com.au;general@ilc.com.au;The Niche, Suite A, 11 Aberdare Road, NEDLANDS, WA, 6009
;;Personal Mobility Equipment;+6113008858860 000 000 000;www.ilc.com.au;general@ilc.com.au;The Niche, Suite A, 11 Aberdare Road, NEDLANDS, WA, 6009
;;Therapeutic Supports;+6113008858860 000 000 000;www.ilc.com.au;general@ilc.com.au;The Niche, Suite A, 11 Aberdare Road, NEDLANDS, WA, 6009
;;Training-Travel Independence;+6113008858860 000 000 000;www.ilc.com.au;general@ilc.com.au;The Niche, Suite A, 11 Aberdare Road, NEDLANDS, WA, 6009
;;Vision Equipment;+6113008858860 000 000 000;www.ilc.com.au;general@ilc.com.au;The Niche, Suite A, 11 Aberdare Road, NEDLANDS, WA, 6009
IndyTech Pty Ltd;HADFIELD;;;;;ADDRESS CONFIDENTIAL
Integrated Care Pty Ltd;WEST PERTH;;;;;ADDRESS CONFIDENTIAL
;MIRRABOOKA;Assist-Life Stage, Transition;;;;Unit 3, 1 Chesterfield Road, MIRRABOOKA, WA, 6061
;;Development-Life Skills;;;;Unit 3, 1 Chesterfield Road, MIRRABOOKA, WA, 6061
;;Participate Community;;;;Unit 3, 1 Chesterfield Road, MIRRABOOKA, WA, 6061
;;Training-Travel Independence;;;;Unit 3, 1 Chesterfield Road, MIRRABOOKA, WA, 6061
Interchange Inc;MYAREE;Assist-Life Stage, Transition;610893299399;www.interchangewa.org.au;office@interchangewa.org.au;7 -10 Hulme Court, 32 Hulme Court, MYAREE, WA, 6154
;;Assist-Travel/Transport;610893299399;www.interchangewa.org.au;office@interchangewa.org.au;7 -10 Hulme Court, 32 Hulme Court, MYAREE, WA, 6154
;;Development-Life Skills;610893299399;www.interchangewa.org.au;office@interchangewa.org.au;7 -10 Hulme Court, 32 Hulme Court, MYAREE, WA, 6154
;;Participate Community;610893299399;www.interchangewa.org.au;office@interchangewa.org.au;7 -10 Hulme Court, 32 Hulme Court, MYAREE, WA, 6154
;;Training-Travel Independence;610893299399;www.interchangewa.org.au;office@interchangewa.org.au;7 -10 Hulme Court, 32 Hulme Court, MYAREE, WA, 6154
Intework Midland - BS;MIDLAND;Assist Access/Maintain Employ;;;mariec@intework.org;3 PADBURY TCE, MIDLAND, WA, 6056
;;Assist-Integrate School/Ed;;;mariec@intework.org;3 PADBURY TCE, MIDLAND, WA, 6056
;;Assist-Life Stage, Transition;;;mariec@intework.org;3 PADBURY TCE, MIDLAND, WA, 6056
;;Assist-Personal Activities;;;mariec@intework.org;3 PADBURY TCE, MIDLAND, WA, 6056
;;Assist-Travel/Transport;;;mariec@intework.org;3 PADBURY TCE, MIDLAND, WA, 6056
;;Behaviour Support;;;mariec@intework.org;3 PADBURY TCE, MIDLAND, WA, 6056
;;Development-Life Skills;;;mariec@intework.org;3 PADBURY TCE, MIDLAND, WA, 6056
;;Participate Community;;;mariec@intework.org;3 PADBURY TCE, MIDLAND, WA, 6056
K L Stracke and S J Stracke;WARWICK;Assist Prod-Pers Care/Safety;611300025378;www.mobile-alert.com.au;info@mobile-alert.com.au;3A Devon Court, WARWICK, WA, 6024
Karen Brooker;MIDLAND;Assess-Skill, Ability, Needs;610892744877;www.gatewaypsychology.com;karen@gatewaypsychology.com;40 Byers Road, MIDLAND, WA, 6056
Kids Are Kids! Therapy & Education Centre Inc;BATEMAN;Early Childhood Supports;610893136566;www.kidsarekids.org.au;katew@kidsarekids.org.au;26 Parry Avenue, BATEMAN, WA, 6150
Kira Incorporated;GREENWOOD;Assist Access/Maintain Employ;610892430366;www.kira.org.au;ceo@kira.org.au;2 Kilcairn Place, GREENWOOD, WA, 6024
;;Assist-Personal Activities;610892430366;www.kira.org.au;ceo@kira.org.au;2 Kilcairn Place, GREENWOOD, WA, 6024
;;Assist-Travel/Transport;610892430366;www.kira.org.au;ceo@kira.org.au;2 Kilcairn Place, GREENWOOD, WA, 6024
;;Daily Tasks/Shared Living;610892430366;www.kira.org.au;ceo@kira.org.au;2 Kilcairn Place, GREENWOOD, WA, 6024
;;Development-Life Skills;610892430366;www.kira.org.au;ceo@kira.org.au;2 Kilcairn Place, GREENWOOD, WA, 6024
;;Participate Community;610892430366;www.kira.org.au;ceo@kira.org.au;2 Kilcairn Place, GREENWOOD, WA, 6024
;;Training-Travel Independence;610892430366;www.kira.org.au;ceo@kira.org.au;2 Kilcairn Place, GREENWOOD, WA, 6024
Kunali Shah;STIRLING;;"+6161405176931
00 000 000 000";www.chatterboxwa.com.au;info@chatterboxwa.com.au;ADDRESS CONFIDENTIAL
Larkin, Katie Ann;MIDDLE SWAN;Assess-Skill, Ability, Needs;611300184746;www.visioncounselling.com.au;admin@visioncounselling.com.au;41 Great Northern Highway, MIDDLE SWAN, WA, 6056
;;Assist-Life Stage, Transition;611300184746;www.visioncounselling.com.au;admin@visioncounselling.com.au;41 Great Northern Highway, MIDDLE SWAN, WA, 6056
;;Development-Life Skills;611300184746;www.visioncounselling.com.au;admin@visioncounselling.com.au;41 Great Northern Highway, MIDDLE SWAN, WA, 6056
;;Participate Community;611300184746;www.visioncounselling.com.au;admin@visioncounselling.com.au;41 Great Northern Highway, MIDDLE SWAN, WA, 6056
;;Therapeutic Supports;611300184746;www.visioncounselling.com.au;admin@visioncounselling.com.au;41 Great Northern Highway, MIDDLE SWAN, WA, 6056
Ledo, Regina Ribeiro;BEELIAR;Assess-Skill, Ability, Needs;610406659126;www.behaviouralsolutions.net.au;ledo.regina@gmail.com;16 Friarbird Terrace, BEELIAR, WA, 6164
;;Behaviour Support;610406659126;www.behaviouralsolutions.net.au;ledo.regina@gmail.com;16 Friarbird Terrace, BEELIAR, WA, 6164
;;Early Childhood Supports;610406659126;www.behaviouralsolutions.net.au;ledo.regina@gmail.com;16 Friarbird Terrace, BEELIAR, WA, 6164
;;Therapeutic Supports;610406659126;www.behaviouralsolutions.net.au;ledo.regina@gmail.com;16 Friarbird Terrace, BEELIAR, WA, 6164
Life Plan Recreation and Leisure Assoc. Inc;BELMONT;;"+610892777223
(00) 00000000";;lifeplan@iinet.net.au;151 Abernethy Road, BELMONT, WA, 6104
Life Ready Mobile Pty Ltd;SOUTH PERTH;Therapeutic Supports;611300730852;www.lifereadyphysio.com.au/mobile;mobile@lifereadyphysio.com.au;240 Canning Highway, SOUTH PERTH, WA, 6151
Life Without Barriers;WARWICK;Assist-Life Stage, Transition;;;;State Office, Unit 1 - 26 Dugdale Street, WARWICK, WA, 6024
;;Assist-Personal Activities;;;;State Office, Unit 1 - 26 Dugdale Street, WARWICK, WA, 6024
;;Daily Tasks/Shared Living;;;;State Office, Unit 1 - 26 Dugdale Street, WARWICK, WA, 6024
;;Development-Life Skills;;;;State Office, Unit 1 - 26 Dugdale Street, WARWICK, WA, 6024
;;Participate Community;;;;State Office, Unit 1 - 26 Dugdale Street, WARWICK, WA, 6024
;;Training-Travel Independence;;;;State Office, Unit 1 - 26 Dugdale Street, WARWICK, WA, 6024
Lifecare Physio (WA) Unit Trust;FREMANTLE;Assess-Skill, Ability, Needs;"+610893357744
00 00000000";www.homecarehealth.com.au;homecare@lifecare.com.au;124 Wray Avenue, FREMANTLE, WA, 6160
;;Assistive Prod-Household Task;+6108933577440 0 00000000;www.homecarehealth.com.au;homecare@lifecare.com.au;124 Wray Avenue, FREMANTLE, WA, 6160
;;Comms & Info Equipment;+6108933577440 0 00000000;www.homecarehealth.com.au;homecare@lifecare.com.au;124 Wray Avenue, FREMANTLE, WA, 6160
;;Equipment Special Assess Setup;+6108933577440 0 00000000;www.homecarehealth.com.au;homecare@lifecare.com.au;124 Wray Avenue, FREMANTLE, WA, 6160
;;Home Modification;+6108933577440 0 00000000;www.homecarehealth.com.au;homecare@lifecare.com.au;124 Wray Avenue, FREMANTLE, WA, 6160
;;Personal Mobility Equipment;+6108933577440 0 00000000;www.homecarehealth.com.au;homecare@lifecare.com.au;124 Wray Avenue, FREMANTLE, WA, 6160
;;Therapeutic Supports;+6108933577440 0 00000000;www.homecarehealth.com.au;homecare@lifecare.com.au;124 Wray Avenue, FREMANTLE, WA, 6160
Lifestyle Solutions (Aust) Ltd;ASCOT;Accommodation/Tenancy;611800634748;www.lifestylesolutions.org.au;info@lifestylesolutions.org.au;Unit 8/398 Great Eastern Highway, ASCOT, WA, 6104
;;Assist Access/Maintain Employ;611800634748;www.lifestylesolutions.org.au;info@lifestylesolutions.org.au;Unit 8/398 Great Eastern Highway, ASCOT, WA, 6104
;;Assist-Integrate School/Ed;611800634748;www.lifestylesolutions.org.au;info@lifestylesolutions.org.au;Unit 8/398 Great Eastern Highway, ASCOT, WA, 6104
;;Assist-Life Stage, Transition;611800634748;www.lifestylesolutions.org.au;info@lifestylesolutions.org.au;Unit 8/398 Great Eastern Highway, ASCOT, WA, 6104
;;Assist-Personal Activities;611800634748;www.lifestylesolutions.org.au;info@lifestylesolutions.org.au;Unit 8/398 Great Eastern Highway, ASCOT, WA, 6104
;;Assist-Travel/Transport;611800634748;www.lifestylesolutions.org.au;info@lifestylesolutions.org.au;Unit 8/398 Great Eastern Highway, ASCOT, WA, 6104
;;Behaviour Support;611800634748;www.lifestylesolutions.org.au;info@lifestylesolutions.org.au;Unit 8/398 Great Eastern Highway, ASCOT, WA, 6104
;;Daily Tasks/Shared Living;611800634748;www.lifestylesolutions.org.au;info@lifestylesolutions.org.au;Unit 8/398 Great Eastern Highway, ASCOT, WA, 6104
;;Development-Life Skills;611800634748;www.lifestylesolutions.org.au;info@lifestylesolutions.org.au;Unit 8/398 Great Eastern Highway, ASCOT, WA, 6104
;;Household Tasks;611800634748;www.lifestylesolutions.org.au;info@lifestylesolutions.org.au;Unit 8/398 Great Eastern Highway, ASCOT, WA, 6104
;;Participate Community;611800634748;www.lifestylesolutions.org.au;info@lifestylesolutions.org.au;Unit 8/398 Great Eastern Highway, ASCOT, WA, 6104
;;Plan Management;611800634748;www.lifestylesolutions.org.au;info@lifestylesolutions.org.au;Unit 8/398 Great Eastern Highway, ASCOT, WA, 6104
;;Training-Travel Independence;611800634748;www.lifestylesolutions.org.au;info@lifestylesolutions.org.au;Unit 8/398 Great Eastern Highway, ASCOT, WA, 6104
MacLachlan, Simon;MOUNT HELENA;;610488076384;www.inpsych.com.au;simon@inpsych.com.au;Lot 2 Johnston St, MOUNT HELENA, WA, 6082
Manage It WA;WELSHPOOL;Plan Management;"+610893515859
(00) 00000000";www.manageitwa.com.au;info@manageitwa.com.au;ADDRESS CONFIDENTIAL
Mellanie Sherwood;NORTH PERTH;Early Childhood Supports;;;;ADDRESS CONFIDENTIAL
Mental Health Carers ARAFMI WA Inc;PERTH;Assist-Life Stage, Transition;610894277100;www.arafmi.asn.au;debbie.childs@arafmi.asn.au;182-188 Lord Street, PERTH, WA, 6000
;;Development-Life Skills;610894277100;www.arafmi.asn.au;debbie.childs@arafmi.asn.au;182-188 Lord Street, PERTH, WA, 6000
;;Participate Community;610894277100;www.arafmi.asn.au;debbie.childs@arafmi.asn.au;182-188 Lord Street, PERTH, WA, 6000
Mental Illness Fellowship of Western Australia Incorporated;MIDLAND;Accommodation/Tenancy;610892378900;www.mifwa.org.au;;Midland Professional Centre Level 3, 9 The Avenue, MIDLAND, WA, 6056
;;Assist Access/Maintain Employ;610892378900;www.mifwa.org.au;;Midland Professional Centre Level 3, 9 The Avenue, MIDLAND, WA, 6056
;;Assist-Life Stage, Transition;610892378900;www.mifwa.org.au;;Midland Professional Centre Level 3, 9 The Avenue, MIDLAND, WA, 6056
;;Assist-Personal Activities;610892378900;www.mifwa.org.au;;Midland Professional Centre Level 3, 9 The Avenue, MIDLAND, WA, 6056
;;Behaviour Support;610892378900;www.mifwa.org.au;;Midland Professional Centre Level 3, 9 The Avenue, MIDLAND, WA, 6056
;;Daily Tasks/Shared Living;610892378900;www.mifwa.org.au;;Midland Professional Centre Level 3, 9 The Avenue, MIDLAND, WA, 6056
;;Development-Life Skills;610892378900;www.mifwa.org.au;;Midland Professional Centre Level 3, 9 The Avenue, MIDLAND, WA, 6056
;;Participate Community;610892378900;www.mifwa.org.au;;Midland Professional Centre Level 3, 9 The Avenue, MIDLAND, WA, 6056
;;Training-Travel Independence;610892378900;www.mifwa.org.au;;Midland Professional Centre Level 3, 9 The Avenue, MIDLAND, WA, 6056
Metro Mobility Pty Ltd;CANNINGTON;Personal Mobility Equipment;"+610892588733
(00) 00000000";www.metromobility.com.au;metromobility@westnet.com.au;1236 Albany Highway, CANNINGTON, WA, 6107
Montreau P/ L as trustee for the RaW Unit Trust t/ as Parry & Whyte Architects;SUBIACO;;610893881139;parryandwhyte.com.au;info@parryandwhyte.com.au;ADDRESS CONFIDENTIAL
Mosaic Community Care Inc;O'CONNOR;;610893145244;www.mosaiccc.org;sukhi.tear@mosaiccc.org;9A Keegan Street, O'CONNOR, WA, 6163
Mostratos, Emily Louise;KINGSLEY;Therapeutic Supports;610414747625;www.facebook.com/musictherapyelm;emily.m@hotmail.com.au;2 Angelina Court, KINGSLEY, WA, 6026
Motor Neurone Disease Assn of WA Inc;NEDLANDS,;;610893467355;www.mndawa.asn.au;admin@mndawa.asn.au;Suite B, The Niche,, 11 Aberdare Road,, NEDLANDS,, WA, 6009
Ms Theresa Hewlett;HIGH WYCOMBE;;;;;ADDRESS CONFIDENTIAL
Multicultural Services Centre of Western Australia Incorporated;NORTH PERTH;Assist Access/Maintain Employ;;;;20 View Street, NORTH PERTH, WA, 6006
;;Assist-Life Stage, Transition;;;;20 View Street, NORTH PERTH, WA, 6006
;;Assist-Personal Activities;;;;20 View Street, NORTH PERTH, WA, 6006
;;Assist-Travel/Transport;;;;20 View Street, NORTH PERTH, WA, 6006
;;Development-Life Skills;;;;20 View Street, NORTH PERTH, WA, 6006
;;Household Tasks;;;;20 View Street, NORTH PERTH, WA, 6006
;;Interpret/Translate;;;;20 View Street, NORTH PERTH, WA, 6006
;;Participate Community;;;;20 View Street, NORTH PERTH, WA, 6006
;;Training-Travel Independence;;;;20 View Street, NORTH PERTH, WA, 6006
My Place Foundation Inc;SUBIACO;Assist Access/Maintain Employ;610863802927;;;17 York Street, SUBIACO, WA, 6008
;;Assist-Life Stage, Transition;610863802927;;;17 York Street, SUBIACO, WA, 6008
;;Assist-Personal Activities;610863802927;;;17 York Street, SUBIACO, WA, 6008
;;Assist-Travel/Transport;610863802927;;;17 York Street, SUBIACO, WA, 6008
;;Daily Tasks/Shared Living;610863802927;;;17 York Street, SUBIACO, WA, 6008
;;Development-Life Skills;610863802927;;;17 York Street, SUBIACO, WA, 6008
;;Household Tasks;610863802927;;;17 York Street, SUBIACO, WA, 6008
;;Participate Community;610863802927;;;17 York Street, SUBIACO, WA, 6008
;;Plan Management;610863802927;;;17 York Street, SUBIACO, WA, 6008
;;Training-Travel Independence;610863802927;;;17 York Street, SUBIACO, WA, 6008
N.D Gook & R.J Gook;DIAMOND CREEK;;611300287526;www.auslanservices.com;admin@auslanservices.com;142 Everleigh Dve, DIAMOND CREEK, VIC, 3089
NATIONAL TRADE SUPPLIER PTY LTD;PORT KENNEDY;;"+610448882981
0000 000 000";www.nationaltradesupplier.com.au;adminwa@nationaltrades.com.au;ADDRESS CONFIDENTIAL
Next Challenge Enterprises Pty Ltd;OSBORNE PARK;Early Childhood Supports;610892010707;www.nextchallenge.com.au;;3 - 4 / 14, Main St, OSBORNE PARK, WA, 6016
;;Therapeutic Supports;610892010707;www.nextchallenge.com.au;;3 - 4 / 14, Main St, OSBORNE PARK, WA, 6016
Noel John Perera;MIDLAND;;"+610892502394
(00) 00000000";www.midpsychclinic.com.au;reception@midpsychclinic.com.au;Unit 2, 12 Old Great Northern Highway, MIDLAND, WA, 6056
Nulsen Haven Association;CANNINGTON;Accommodation/Tenancy;"+610862534700
(00) 0000 0000";www.nulsen.com.au;care@nulsen.com.au;Nulsen Disability Services, 28 Burton Street, CANNINGTON, WA, 6107
;;Assess-Skill, Ability, Needs;+610862534700(00) 0000 0000;www.nulsen.com.au;care@nulsen.com.au;Nulsen Disability Services, 28 Burton Street, CANNINGTON, WA, 6107
Olsen, Lisa Mary;LEEDERVILLE;Assess-Skill, Ability, Needs;610414447257;;activateOT@gmail.com;31 Salisbury St, LEEDERVILLE, WA, 6007
;;Therapeutic Supports;610414447257;;activateOT@gmail.com;31 Salisbury St, LEEDERVILLE, WA, 6007
Omnibus Services Pty Ltd;CANNING VALE;Vehicle modifications;610892563211;www.omnibusservices.com.au;admin@omnibusservices.com.au;20 Coulson Way, CANNING VALE, WA, 6155
On The Go Rehabilitation Services Pty Ltd;MOUNT HELENA;Assess-Skill, Ability, Needs;610429115211;www.onthegorehab.com.au;info@onthegorehab.com.au;705 Alice Rd, MOUNT HELENA, WA, 6082
;;Equipment Special Assess Setup;610429115211;www.onthegorehab.com.au;info@onthegorehab.com.au;705 Alice Rd, MOUNT HELENA, WA, 6082
;;Personal Mobility Equipment;610429115211;www.onthegorehab.com.au;info@onthegorehab.com.au;705 Alice Rd, MOUNT HELENA, WA, 6082
;;Therapeutic Supports;610429115211;www.onthegorehab.com.au;info@onthegorehab.com.au;705 Alice Rd, MOUNT HELENA, WA, 6082
Orthotic & Prosthetic Solutions Pty Ltd;LEEDERVILLE;Assess-Skill, Ability, Needs;610893288022;http://www.orthoticprostheticperth.com.au/;reception@oandpsolutions.com.au;Suite 2,, 643 Newcastle St, LEEDERVILLE, WA, 6007
;;Assistive Equip-Recreation;610893288022;http://www.orthoticprostheticperth.com.au/;reception@oandpsolutions.com.au;Suite 2,, 643 Newcastle St, LEEDERVILLE, WA, 6007
;;Equipment Special Assess Setup;610893288022;http://www.orthoticprostheticperth.com.au/;reception@oandpsolutions.com.au;Suite 2,, 643 Newcastle St, LEEDERVILLE, WA, 6007
;;Personal Mobility Equipment;610893288022;http://www.orthoticprostheticperth.com.au/;reception@oandpsolutions.com.au;Suite 2,, 643 Newcastle St, LEEDERVILLE, WA, 6007
;;Therapeutic Supports;610893288022;http://www.orthoticprostheticperth.com.au/;reception@oandpsolutions.com.au;Suite 2,, 643 Newcastle St, LEEDERVILLE, WA, 6007
Orthotics WA Pty Ltd;WEST LEEDERVILLE;Assistive Equip-Recreation;"+610893889779
(00) 00000000";www.interfaceorthotics.com;contact@interfaceorthotics.com;2 Southport St, WEST LEEDERVILLE, WA, 6007
;;Equipment Special Assess Setup;+610893889779(00) 00000000;www.interfaceorthotics.com;contact@interfaceorthotics.com;2 Southport St, WEST LEEDERVILLE, WA, 6007
;;Personal Mobility Equipment;+610893889779(00) 00000000;www.interfaceorthotics.com;contact@interfaceorthotics.com;2 Southport St, WEST LEEDERVILLE, WA, 6007
P.R. King & Sons Pty Ltd;MARRICKVILLE;;611300775464;www.prking.com.au;inclinator@prking.com.au;155 Victoria Road, MARRICKVILLE, NSW, 2204
People Who Care Inc;GUILDFORD;;610893791944;www.peoplewhocare.org.au;pwc.cvs@peoplewhocare.org.au;48 James Street, GUILDFORD, WA, 6055
Perth Home Care Services Inc;OSBORNE PARK;Assist-Life Stage, Transition;610892047800;www.phcs.org.au;admin@phcs.org.au;30 Hasler Rd, OSBORNE PARK, WA, 6017
;;Assist-Personal Activities;610892047800;www.phcs.org.au;admin@phcs.org.au;30 Hasler Rd, OSBORNE PARK, WA, 6017
;;Assist-Travel/Transport;610892047800;www.phcs.org.au;admin@phcs.org.au;30 Hasler Rd, OSBORNE PARK, WA, 6017
;;Community Nursing Care;610892047800;www.phcs.org.au;admin@phcs.org.au;30 Hasler Rd, OSBORNE PARK, WA, 6017
;;Daily Tasks/Shared Living;610892047800;www.phcs.org.au;admin@phcs.org.au;30 Hasler Rd, OSBORNE PARK, WA, 6017
;;Development-Life Skills;610892047800;www.phcs.org.au;admin@phcs.org.au;30 Hasler Rd, OSBORNE PARK, WA, 6017
;;Household Tasks;610892047800;www.phcs.org.au;admin@phcs.org.au;30 Hasler Rd, OSBORNE PARK, WA, 6017
;;Participate Community;610892047800;www.phcs.org.au;admin@phcs.org.au;30 Hasler Rd, OSBORNE PARK, WA, 6017
;;Plan Management;610892047800;www.phcs.org.au;admin@phcs.org.au;30 Hasler Rd, OSBORNE PARK, WA, 6017
;;Training-Travel Independence;610892047800;www.phcs.org.au;admin@phcs.org.au;30 Hasler Rd, OSBORNE PARK, WA, 6017
Phillips, Ronald James;ELLENBROOK;Development-Life Skills;610404968322;;ronnie.phillips@bigpond.com;3 Carew Vista, ELLENBROOK, WA, 6069
;;Participate Community;610404968322;;ronnie.phillips@bigpond.com;3 Carew Vista, ELLENBROOK, WA, 6069
Pragz Pty Ltd;CLARKSON;;;;info@wcpt.net.au;85 Walyunga Boulevard, CLARKSON, WA, 6030
Pu-Fam Pty Ltd;GUILDFORD;Accommodation/Tenancy;610892794343;stjudeshostel.com.au;fm@guildfordcarefacility.com.au;St Jude's Disability Services, 26-34 Swan St East, GUILDFORD, WA, 6055
;;Assess-Skill, Ability, Needs;610892794343;stjudeshostel.com.au;fm@guildfordcarefacility.com.au;St Jude's Disability Services, 26-34 Swan St East, GUILDFORD, WA, 6055
;;Assist-Personal Activities;610892794343;stjudeshostel.com.au;fm@guildfordcarefacility.com.au;St Jude's Disability Services, 26-34 Swan St East, GUILDFORD, WA, 6055
;;Assist-Travel/Transport;610892794343;stjudeshostel.com.au;fm@guildfordcarefacility.com.au;St Jude's Disability Services, 26-34 Swan St East, GUILDFORD, WA, 6055
;;Community Nursing Care;610892794343;stjudeshostel.com.au;fm@guildfordcarefacility.com.au;St Jude's Disability Services, 26-34 Swan St East, GUILDFORD, WA, 6055
;;Daily Tasks/Shared Living;610892794343;stjudeshostel.com.au;fm@guildfordcarefacility.com.au;St Jude's Disability Services, 26-34 Swan St East, GUILDFORD, WA, 6055
;;Development-Life Skills;610892794343;stjudeshostel.com.au;fm@guildfordcarefacility.com.au;St Jude's Disability Services, 26-34 Swan St East, GUILDFORD, WA, 6055
;;Household Tasks;610892794343;stjudeshostel.com.au;fm@guildfordcarefacility.com.au;St Jude's Disability Services, 26-34 Swan St East, GUILDFORD, WA, 6055
;;Participate Community;610892794343;stjudeshostel.com.au;fm@guildfordcarefacility.com.au;St Jude's Disability Services, 26-34 Swan St East, GUILDFORD, WA, 6055
Retta Holdings Pty Ltd;BALCATTA;Early Childhood Supports;610892405800;www.aes-wa.com.au;admin@aes-wa.com.au;6 Gibberd Rd, BALCATTA, WA, 6021
Richmond Wellbeing Incorporated;CANNINGTON;Assist Access/Maintain Employ;610893508800;www.rfwa.org.au;admin@rfwa.org.au;32 Burton St, CANNINGTON, WA, 6107
;;Assist-Life Stage, Transition;610893508800;www.rfwa.org.au;admin@rfwa.org.au;32 Burton St, CANNINGTON, WA, 6107
;;Assist-Personal Activities;610893508800;www.rfwa.org.au;admin@rfwa.org.au;32 Burton St, CANNINGTON, WA, 6107
;;Development-Life Skills;610893508800;www.rfwa.org.au;admin@rfwa.org.au;32 Burton St, CANNINGTON, WA, 6107
;;Participate Community;610893508800;www.rfwa.org.au;admin@rfwa.org.au;32 Burton St, CANNINGTON, WA, 6107
Rise Network Inc;MIDDLE SWAN;Accommodation/Tenancy;610862743700;www.risenetwork.com.au;contact@risenetwork.com.au;41A Great Northern Highway, MIDDLE SWAN, WA, 6056
;;Assist-Life Stage, Transition;610862743700;www.risenetwork.com.au;contact@risenetwork.com.au;41A Great Northern Highway, MIDDLE SWAN, WA, 6056
;;Assist-Personal Activities;610862743700;www.risenetwork.com.au;contact@risenetwork.com.au;41A Great Northern Highway, MIDDLE SWAN, WA, 6056
;;Assist-Travel/Transport;610862743700;www.risenetwork.com.au;contact@risenetwork.com.au;41A Great Northern Highway, MIDDLE SWAN, WA, 6056
;;Daily Tasks/Shared Living;610862743700;www.risenetwork.com.au;contact@risenetwork.com.au;41A Great Northern Highway, MIDDLE SWAN, WA, 6056
;;Development-Life Skills;610862743700;www.risenetwork.com.au;contact@risenetwork.com.au;41A Great Northern Highway, MIDDLE SWAN, WA, 6056
;;Household Tasks;610862743700;www.risenetwork.com.au;contact@risenetwork.com.au;41A Great Northern Highway, MIDDLE SWAN, WA, 6056
;;Participate Community;610862743700;www.risenetwork.com.au;contact@risenetwork.com.au;41A Great Northern Highway, MIDDLE SWAN, WA, 6056
Rocky Bay Inc;MOSMAN PARK;Accommodation/Tenancy;610893835111;www.rockybay.org.au;lindac@rockybay.org.au;60 McCabe Street, MOSMAN PARK, WA, 6012
;;Assess-Skill, Ability, Needs;610893835111;www.rockybay.org.au;lindac@rockybay.org.au;60 McCabe Street, MOSMAN PARK, WA, 6012
;;Assist Access/Maintain Employ;610893835111;www.rockybay.org.au;lindac@rockybay.org.au;60 McCabe Street, MOSMAN PARK, WA, 6012
;;Assist Prod-Pers Care/Safety;610893835111;www.rockybay.org.au;lindac@rockybay.org.au;60 McCabe Street, MOSMAN PARK, WA, 6012
;;Assist-Integrate School/Ed;610893835111;www.rockybay.org.au;lindac@rockybay.org.au;60 McCabe Street, MOSMAN PARK, WA, 6012
;;Assist-Life Stage, Transition;610893835111;www.rockybay.org.au;lindac@rockybay.org.au;60 McCabe Street, MOSMAN PARK, WA, 6012
;;Assist-Personal Activities;610893835111;www.rockybay.org.au;lindac@rockybay.org.au;60 McCabe Street, MOSMAN PARK, WA, 6012
;;Assist-Travel/Transport;610893835111;www.rockybay.org.au;lindac@rockybay.org.au;60 McCabe Street, MOSMAN PARK, WA, 6012
;;Behaviour Support;610893835111;www.rockybay.org.au;lindac@rockybay.org.au;60 McCabe Street, MOSMAN PARK, WA, 6012
;;Community Nursing Care;610893835111;www.rockybay.org.au;lindac@rockybay.org.au;60 McCabe Street, MOSMAN PARK, WA, 6012
;;Daily Tasks/Shared Living;610893835111;www.rockybay.org.au;lindac@rockybay.org.au;60 McCabe Street, MOSMAN PARK, WA, 6012
;;Development-Life Skills;610893835111;www.rockybay.org.au;lindac@rockybay.org.au;60 McCabe Street, MOSMAN PARK, WA, 6012
;;Early Childhood Supports;610893835111;www.rockybay.org.au;lindac@rockybay.org.au;60 McCabe Street, MOSMAN PARK, WA, 6012
;;Equipment Special Assess Setup;610893835111;www.rockybay.org.au;lindac@rockybay.org.au;60 McCabe Street, MOSMAN PARK, WA, 6012
;;Participate Community;610893835111;www.rockybay.org.au;lindac@rockybay.org.au;60 McCabe Street, MOSMAN PARK, WA, 6012
;;Personal Mobility Equipment;610893835111;www.rockybay.org.au;lindac@rockybay.org.au;60 McCabe Street, MOSMAN PARK, WA, 6012
;;Plan Management;610893835111;www.rockybay.org.au;lindac@rockybay.org.au;60 McCabe Street, MOSMAN PARK, WA, 6012
;;Therapeutic Supports;610893835111;www.rockybay.org.au;lindac@rockybay.org.au;60 McCabe Street, MOSMAN PARK, WA, 6012
;;Training-Travel Independence;610893835111;www.rockybay.org.au;lindac@rockybay.org.au;60 McCabe Street, MOSMAN PARK, WA, 6012
S Allibone & N Tanjic;MUNSTER;;610435458797;www.embraceagedcare.com.au;info@embraceagedcare.com.au;1 Prolog Link, MUNSTER, WA, 6166
S Wilson Occupational Therapy Pty Ltd;MELVILLE;Assess-Skill, Ability, Needs;610423045866;www.swilsonot.com.au;info@swilsonot.com.au;26 Sergeant Road, MELVILLE, WA, 6156
;;Assist-Life Stage, Transition;610423045866;www.swilsonot.com.au;info@swilsonot.com.au;26 Sergeant Road, MELVILLE, WA, 6156
;;Therapeutic Supports;610423045866;www.swilsonot.com.au;info@swilsonot.com.au;26 Sergeant Road, MELVILLE, WA, 6156
Saberi, Sahba;BIBRA LAKE;;610894941327;www.delasa.com.au;s.saberi@delasa.com.au;Unit 5, 3 La Fayette Blv, BIBRA LAKE, WA, 6163
Scope Workplace Solutions Pty Ltd;SUBIACO;Assess-Skill, Ability, Needs;610448892537;www.pacenational.com.au;stuartrc@pacenational.com.au;Level 1, 331 Hay St, SUBIACO, WA, 6008
;;Assist Access/Maintain Employ;610448892537;www.pacenational.com.au;stuartrc@pacenational.com.au;Level 1, 331 Hay St, SUBIACO, WA, 6008
;;Behaviour Support;610448892537;www.pacenational.com.au;stuartrc@pacenational.com.au;Level 1, 331 Hay St, SUBIACO, WA, 6008
;;Therapeutic Supports;610448892537;www.pacenational.com.au;stuartrc@pacenational.com.au;Level 1, 331 Hay St, SUBIACO, WA, 6008
Seaborn Nominees Pty Ltd;CANNING VALE;Assist Prod-Pers Care/Safety;610894557834;www.trugrademedicalsupplies.com.au;phillip.henwood@bigpond.com;Unit 3, 126 Bannister Road, CANNING VALE, WA, 6155
Second Skin Pty Ltd;OSBORNE PARK;Assess-Skill, Ability, Needs;610293860812;www.secondskin.com.au;dawn@secondskin.com.au;Unit 15, 386 Scarborough Beach Rd, OSBORNE PARK, WA, 4178
;;Assist Prod-Pers Care/Safety;610293860812;www.secondskin.com.au;dawn@secondskin.com.au;Unit 15, 386 Scarborough Beach Rd, OSBORNE PARK, WA, 4178
;;Early Childhood Supports;610293860812;www.secondskin.com.au;dawn@secondskin.com.au;Unit 15, 386 Scarborough Beach Rd, OSBORNE PARK, WA, 4178
;;Personal Mobility Equipment;610293860812;www.secondskin.com.au;dawn@secondskin.com.au;Unit 15, 386 Scarborough Beach Rd, OSBORNE PARK, WA, 4178
;;Therapeutic Supports;610293860812;www.secondskin.com.au;dawn@secondskin.com.au;Unit 15, 386 Scarborough Beach Rd, OSBORNE PARK, WA, 4178
Self, Alison Claire;YOKINE;Assess-Skill, Ability, Needs;610407895622;www.alisonself.vpweb.com.au;alisonself@iinet.net.au;ADDRESS CONFIDENTIAL
;;Therapeutic Supports;610407895622;www.alisonself.vpweb.com.au;alisonself@iinet.net.au;ADDRESS CONFIDENTIAL
Senses Australia;MIDLAND;Accommodation/Tenancy;610894735400;www.senses.org.au;admin@senses.org.au;U 1, 24 Victoria Street, MIDLAND, WA, 6056
;;Assess-Skill, Ability, Needs;610894735400;www.senses.org.au;admin@senses.org.au;U 1, 24 Victoria Street, MIDLAND, WA, 6056
;;Assist Access/Maintain Employ;610894735400;www.senses.org.au;admin@senses.org.au;U 1, 24 Victoria Street, MIDLAND, WA, 6056
;;Assist-Integrate School/Ed;610894735400;www.senses.org.au;admin@senses.org.au;U 1, 24 Victoria Street, MIDLAND, WA, 6056
;;Assistive Equip-Recreation;610894735400;www.senses.org.au;admin@senses.org.au;U 1, 24 Victoria Street, MIDLAND, WA, 6056
;;Assist-Life Stage, Transition;610894735400;www.senses.org.au;admin@senses.org.au;U 1, 24 Victoria Street, MIDLAND, WA, 6056
;;Assist-Personal Activities;610894735400;www.senses.org.au;admin@senses.org.au;U 1, 24 Victoria Street, MIDLAND, WA, 6056
;;Assist-Travel/Transport;610894735400;www.senses.org.au;admin@senses.org.au;U 1, 24 Victoria Street, MIDLAND, WA, 6056
;;Behaviour Support;610894735400;www.senses.org.au;admin@senses.org.au;U 1, 24 Victoria Street, MIDLAND, WA, 6056
;;Community Nursing Care;610894735400;www.senses.org.au;admin@senses.org.au;U 1, 24 Victoria Street, MIDLAND, WA, 6056
;;Daily Tasks/Shared Living;610894735400;www.senses.org.au;admin@senses.org.au;U 1, 24 Victoria Street, MIDLAND, WA, 6056
;;Development-Life Skills;610894735400;www.senses.org.au;admin@senses.org.au;U 1, 24 Victoria Street, MIDLAND, WA, 6056
;;Early Childhood Supports;610894735400;www.senses.org.au;admin@senses.org.au;U 1, 24 Victoria Street, MIDLAND, WA, 6056
;;Equipment Special Assess Setup;610894735400;www.senses.org.au;admin@senses.org.au;U 1, 24 Victoria Street, MIDLAND, WA, 6056
;;Household Tasks;610894735400;www.senses.org.au;admin@senses.org.au;U 1, 24 Victoria Street, MIDLAND, WA, 6056
;;Participate Community;610894735400;www.senses.org.au;admin@senses.org.au;U 1, 24 Victoria Street, MIDLAND, WA, 6056
;;Plan Management;610894735400;www.senses.org.au;admin@senses.org.au;U 1, 24 Victoria Street, MIDLAND, WA, 6056
;;Therapeutic Supports;610894735400;www.senses.org.au;admin@senses.org.au;U 1, 24 Victoria Street, MIDLAND, WA, 6056
;;Training-Travel Independence;610894735400;www.senses.org.au;admin@senses.org.au;U 1, 24 Victoria Street, MIDLAND, WA, 6056
Sensory Connections Occupational Therapy Services Pty Ltd;SHENTON PARK;;610893828538;www.sensoryconnections.com.au;administration@sensoryconnections.com.au;104 Keightley Rd, SHENTON PARK, WA, 6008
Shoprider Pty Ltd;MALAGA;;;;marketing@shoprider.com.au;1 Business Way, MALAGA, WA, 6090
Siblings Australia Incorporated;KINGSWOOD;;;;;ADDRESS CONFIDENTIAL
Silver Chain Group limited;OSBORNE PARK;Assist-Personal Activities;610892420242;http://www.silverchain.org.au/;funding@silverchain.org.au;6 Sundercombe St, OSBORNE PARK, WA, 6017
;;Community Nursing Care;610892420242;http://www.silverchain.org.au/;funding@silverchain.org.au;6 Sundercombe St, OSBORNE PARK, WA, 6017
;;Household Tasks;610892420242;http://www.silverchain.org.au/;funding@silverchain.org.au;6 Sundercombe St, OSBORNE PARK, WA, 6017
;;Participate Community;610892420242;http://www.silverchain.org.au/;funding@silverchain.org.au;6 Sundercombe St, OSBORNE PARK, WA, 6017
;;Physical Wellbeing;610892420242;http://www.silverchain.org.au/;funding@silverchain.org.au;6 Sundercombe St, OSBORNE PARK, WA, 6017
;;Therapeutic Supports;610892420242;http://www.silverchain.org.au/;funding@silverchain.org.au;6 Sundercombe St, OSBORNE PARK, WA, 6017
Six Star Tution Driver Training;PINJARRA;Training-Travel Independence;610411511729;www.sixstar.com.au;kj_sixstar@iinet.net.au;18 Kirkham Street, PINJARRA, WA, 6208
Smiley, Colin Adams;DIANELLA;;610400275974;http://www.everydaylivingskills.com.au;admin@everydaylivingskills.com.au;32 Eastland Street, DIANELLA, WA, 6059
Spiby, Janine Berenice;OCEAN REEF;Assess-Skill, Ability, Needs;610409115501;;janine@spibywa.com;6a Williams Pl, OCEAN REEF, WA, 6027
;;Early Childhood Supports;610409115501;;janine@spibywa.com;6a Williams Pl, OCEAN REEF, WA, 6027
;;Therapeutic Supports;610409115501;;janine@spibywa.com;6a Williams Pl, OCEAN REEF, WA, 6027
Spine & Limb Foundation (Inc);SHENTON PARK;Accommodation/Tenancy;;;services@slfwa.org.au;10 SELBY ST, SHENTON PARK, WA, 6008
;;Assist Access/Maintain Employ;;;services@slfwa.org.au;10 SELBY ST, SHENTON PARK, WA, 6008
;;Assist-Life Stage, Transition;;;services@slfwa.org.au;10 SELBY ST, SHENTON PARK, WA, 6008
;;Assist-Personal Activities;;;services@slfwa.org.au;10 SELBY ST, SHENTON PARK, WA, 6008
;;Development-Life Skills;;;services@slfwa.org.au;10 SELBY ST, SHENTON PARK, WA, 6008
;;Household Tasks;;;services@slfwa.org.au;10 SELBY ST, SHENTON PARK, WA, 6008
;;Participate Community;;;services@slfwa.org.au;10 SELBY ST, SHENTON PARK, WA, 6008
;;Training-Travel Independence;;;services@slfwa.org.au;10 SELBY ST, SHENTON PARK, WA, 6008
Step Ahead Speech, Language & Literacy Services Pty Ltd;DIANELLA;Early Childhood Supports;610892752630;;robynweinstein@optusnet.com.au;15 Cossington Crt, DIANELLA, WA, 6059
;;Therapeutic Supports;610892752630;;robynweinstein@optusnet.com.au;15 Cossington Crt, DIANELLA, WA, 6059
Stirling Speech Pathology Pty Ltd;MORLEY;Assess-Skill, Ability, Needs;610892757118;www.stirlingspeech.com;contact@stirlingspeech.com;2A Progress Street, MORLEY, WA, 6062
;;Early Childhood Supports;610892757118;www.stirlingspeech.com;contact@stirlingspeech.com;2A Progress Street, MORLEY, WA, 6062
;;Therapeutic Supports;610892757118;www.stirlingspeech.com;contact@stirlingspeech.com;2A Progress Street, MORLEY, WA, 6062
Sue Cameron;HENTY;Assess-Skill, Ability, Needs;;;;ADDRESS CONFIDENTIAL
;;Early Childhood Supports;;;;ADDRESS CONFIDENTIAL
;;Therapeutic Supports;;;;ADDRESS CONFIDENTIAL
Swan Imports and Surplus Hardware Pty Ltd;MIDLAND;Home Modification;610892745569;;braudearchitects@iinet.net.au;5 Padbury Tce, MIDLAND, WA, 6056
Swordangel Pty Ltd;ARDROSS;Household Tasks;610893645488;www.dialanangel.com/perth;perth@dialanangel.com;25 Kearns Cres, ARDROSS, WA, 6153
TCorp Pty Ltd;COMO;Therapeutic Supports;;;;N/A, 450 Canning Highway, COMO, WA, 6152
Technology Assisting Disability WA Inc;BASSENDEAN;Assess-Skill, Ability, Needs;610893797400;www.tadwa.org.au;enquiries@tadwa.org.au;371 Collier Road, BASSENDEAN, WA, 6054
;;Assist Access/Maintain Employ;610893797400;www.tadwa.org.au;enquiries@tadwa.org.au;371 Collier Road, BASSENDEAN, WA, 6054
;;Assist Prod-Pers Care/Safety;610893797400;www.tadwa.org.au;enquiries@tadwa.org.au;371 Collier Road, BASSENDEAN, WA, 6054
;;Assistive Equip-Recreation;610893797400;www.tadwa.org.au;enquiries@tadwa.org.au;371 Collier Road, BASSENDEAN, WA, 6054
;;Assistive Prod-Household Task;610893797400;www.tadwa.org.au;enquiries@tadwa.org.au;371 Collier Road, BASSENDEAN, WA, 6054
;;Comms & Info Equipment;610893797400;www.tadwa.org.au;enquiries@tadwa.org.au;371 Collier Road, BASSENDEAN, WA, 6054
;;Equipment Special Assess Setup;610893797400;www.tadwa.org.au;enquiries@tadwa.org.au;371 Collier Road, BASSENDEAN, WA, 6054
;;Hearing Equipment;610893797400;www.tadwa.org.au;enquiries@tadwa.org.au;371 Collier Road, BASSENDEAN, WA, 6054
;;Home Modification;610893797400;www.tadwa.org.au;enquiries@tadwa.org.au;371 Collier Road, BASSENDEAN, WA, 6054
;;Personal Mobility Equipment;610893797400;www.tadwa.org.au;enquiries@tadwa.org.au;371 Collier Road, BASSENDEAN, WA, 6054
;;Therapeutic Supports;610893797400;www.tadwa.org.au;enquiries@tadwa.org.au;371 Collier Road, BASSENDEAN, WA, 6054
;;Vehicle modifications;610893797400;www.tadwa.org.au;enquiries@tadwa.org.au;371 Collier Road, BASSENDEAN, WA, 6054
;;Vision Equipment;610893797400;www.tadwa.org.au;enquiries@tadwa.org.au;371 Collier Road, BASSENDEAN, WA, 6054
Teem Treasure Incorporated;MORLEY;;610894719322;teemtreasure.com.au;michael.teem@bigpond.com;Unit 5, 85 Broun Avenue, MORLEY, WA, 6062
Telethon Speech & Hearing Centre for Children WA (Inc);WEMBLEY;;610893879888;www.tsh.org.au;speech@tsh.org.au;36 Dodd Street, WEMBLEY, WA, 6014
Terramore Pty Ltd;CLAREMONT;Assess-Skill, Ability, Needs;610434166378;;triston@stepaheadphysio.com;1 Bay Road, CLAREMONT, WA, 6010
;;Early Childhood Supports;610434166378;;triston@stepaheadphysio.com;1 Bay Road, CLAREMONT, WA, 6010
;;Equipment Special Assess Setup;610434166378;;triston@stepaheadphysio.com;1 Bay Road, CLAREMONT, WA, 6010
;;Therapeutic Supports;610434166378;;triston@stepaheadphysio.com;1 Bay Road, CLAREMONT, WA, 6010
The Centre for Applied Behaviour Analysis Pty Ltd;CANNINGTON;Assess-Skill, Ability, Needs;610499775272;www.thecaba.com.au;cindy@thecaba.com.au;28 Derisleigh Street, CANNINGTON, WA, 6017
;;Behaviour Support;610499775272;www.thecaba.com.au;cindy@thecaba.com.au;28 Derisleigh Street, CANNINGTON, WA, 6017
;;Therapeutic Supports;610499775272;www.thecaba.com.au;cindy@thecaba.com.au;28 Derisleigh Street, CANNINGTON, WA, 6017
The Cerebral Palsy Association of Western Australia Ltd.;COOLBINIA;Accommodation/Tenancy;610894430211;http://www.tccp.com.au;info@tccp.com.au;106 BRADFORD ST, COOLBINIA, WA, 6050
;;Assess-Skill, Ability, Needs;610894430211;http://www.tccp.com.au;info@tccp.com.au;106 BRADFORD ST, COOLBINIA, WA, 6050
;;Assist Access/Maintain Employ;610894430211;http://www.tccp.com.au;info@tccp.com.au;106 BRADFORD ST, COOLBINIA, WA, 6050
;;Assist Prod-Pers Care/Safety;610894430211;http://www.tccp.com.au;info@tccp.com.au;106 BRADFORD ST, COOLBINIA, WA, 6050
;;Assist-Integrate School/Ed;610894430211;http://www.tccp.com.au;info@tccp.com.au;106 BRADFORD ST, COOLBINIA, WA, 6050
;;Assistive Equip-Recreation;610894430211;http://www.tccp.com.au;info@tccp.com.au;106 BRADFORD ST, COOLBINIA, WA, 6050
;;Assistive Prod-Household Task;610894430211;http://www.tccp.com.au;info@tccp.com.au;106 BRADFORD ST, COOLBINIA, WA, 6050
;;Assist-Life Stage, Transition;610894430211;http://www.tccp.com.au;info@tccp.com.au;106 BRADFORD ST, COOLBINIA, WA, 6050
;;Assist-Personal Activities;610894430211;http://www.tccp.com.au;info@tccp.com.au;106 BRADFORD ST, COOLBINIA, WA, 6050
;;Assist-Travel/Transport;610894430211;http://www.tccp.com.au;info@tccp.com.au;106 BRADFORD ST, COOLBINIA, WA, 6050
;;Community Nursing Care;610894430211;http://www.tccp.com.au;info@tccp.com.au;106 BRADFORD ST, COOLBINIA, WA, 6050
;;Daily Tasks/Shared Living;610894430211;http://www.tccp.com.au;info@tccp.com.au;106 BRADFORD ST, COOLBINIA, WA, 6050
;;Development-Life Skills;610894430211;http://www.tccp.com.au;info@tccp.com.au;106 BRADFORD ST, COOLBINIA, WA, 6050
;;Early Childhood Supports;610894430211;http://www.tccp.com.au;info@tccp.com.au;106 BRADFORD ST, COOLBINIA, WA, 6050
;;Equipment Special Assess Setup;610894430211;http://www.tccp.com.au;info@tccp.com.au;106 BRADFORD ST, COOLBINIA, WA, 6050
;;Household Tasks;610894430211;http://www.tccp.com.au;info@tccp.com.au;106 BRADFORD ST, COOLBINIA, WA, 6050
;;Participate Community;610894430211;http://www.tccp.com.au;info@tccp.com.au;106 BRADFORD ST, COOLBINIA, WA, 6050
;;Physical Wellbeing;610894430211;http://www.tccp.com.au;info@tccp.com.au;106 BRADFORD ST, COOLBINIA, WA, 6050
;;Plan Management;610894430211;http://www.tccp.com.au;info@tccp.com.au;106 BRADFORD ST, COOLBINIA, WA, 6050
;;Therapeutic Supports;610894430211;http://www.tccp.com.au;info@tccp.com.au;106 BRADFORD ST, COOLBINIA, WA, 6050
The Family Planning Association Of Western Australia (Inc);NORTHBRIDGE;Behaviour Support;610892276414;www.people1stprogramme.com.au;info@srhwa.com.au;70 Roe Street, NORTHBRIDGE, WA, 6003
The Multiple Sclerosis Society of Western Australia Inc;WILSON;Assess-Skill, Ability, Needs;610893654888;www.mswa.org.au;Enquiries@mswa.org.au;29 Parkhill Way, WILSON, WA, 6107
;;Assistive Prod-Household Task;610893654888;www.mswa.org.au;Enquiries@mswa.org.au;29 Parkhill Way, WILSON, WA, 6107
;;Assist-Life Stage, Transition;610893654888;www.mswa.org.au;Enquiries@mswa.org.au;29 Parkhill Way, WILSON, WA, 6107
;;Assist-Personal Activities;610893654888;www.mswa.org.au;Enquiries@mswa.org.au;29 Parkhill Way, WILSON, WA, 6107
;;Community Nursing Care;610893654888;www.mswa.org.au;Enquiries@mswa.org.au;29 Parkhill Way, WILSON, WA, 6107
;;Daily Tasks/Shared Living;610893654888;www.mswa.org.au;Enquiries@mswa.org.au;29 Parkhill Way, WILSON, WA, 6107
;;Equipment Special Assess Setup;610893654888;www.mswa.org.au;Enquiries@mswa.org.au;29 Parkhill Way, WILSON, WA, 6107
;;Household Tasks;610893654888;www.mswa.org.au;Enquiries@mswa.org.au;29 Parkhill Way, WILSON, WA, 6107
;;Participate Community;610893654888;www.mswa.org.au;Enquiries@mswa.org.au;29 Parkhill Way, WILSON, WA, 6107
;;Personal Mobility Equipment;610893654888;www.mswa.org.au;Enquiries@mswa.org.au;29 Parkhill Way, WILSON, WA, 6107
;;Therapeutic Supports;610893654888;www.mswa.org.au;Enquiries@mswa.org.au;29 Parkhill Way, WILSON, WA, 6107
The Seniors Choice WA Pty Ltd;SWAN VIEW;;;;tony.s@theseniorschoice.com.au;19 James Street, SWAN VIEW, WA, 6056
The Trustee for 0ccupational Therapy Unit Trust;SCARBOROUGH;Assess-Skill, Ability, Needs;610893417300;www.positivestep.com.au;info@positivestep.com.au;1/19 Ramsdale Street, SCARBOROUGH, WA, 6019
;;Therapeutic Supports;610893417300;www.positivestep.com.au;info@positivestep.com.au;1/19 Ramsdale Street, SCARBOROUGH, WA, 6019
The Trustee For B & D Costello Family Trust;FLOREAT;Assess-Skill, Ability, Needs;610893876881;www.networkcms.com.au;info@networkcms.com.au;1A/434 Cambridge St, FLOREAT, WA, 6014
;;Behaviour Support;610893876881;www.networkcms.com.au;info@networkcms.com.au;1A/434 Cambridge St, FLOREAT, WA, 6014
;;Community Nursing Care;610893876881;www.networkcms.com.au;info@networkcms.com.au;1A/434 Cambridge St, FLOREAT, WA, 6014
;;Equipment Special Assess Setup;610893876881;www.networkcms.com.au;info@networkcms.com.au;1A/434 Cambridge St, FLOREAT, WA, 6014
;;Therapeutic Supports;610893876881;www.networkcms.com.au;info@networkcms.com.au;1A/434 Cambridge St, FLOREAT, WA, 6014
The Trustee for Lema Family Trust;APPLECROSS;Accommodation/Tenancy;610893161624;cam-can.com.au/;marc@camcan.org.au;35 Ardross St, APPLECROSS, WA, 6153
;;Assist Access/Maintain Employ;610893161624;cam-can.com.au/;marc@camcan.org.au;35 Ardross St, APPLECROSS, WA, 6153
;;Assist-Integrate School/Ed;610893161624;cam-can.com.au/;marc@camcan.org.au;35 Ardross St, APPLECROSS, WA, 6153
;;Assist-Life Stage, Transition;610893161624;cam-can.com.au/;marc@camcan.org.au;35 Ardross St, APPLECROSS, WA, 6153
;;Assist-Personal Activities;610893161624;cam-can.com.au/;marc@camcan.org.au;35 Ardross St, APPLECROSS, WA, 6153
;;Assist-Travel/Transport;610893161624;cam-can.com.au/;marc@camcan.org.au;35 Ardross St, APPLECROSS, WA, 6153
;;Development-Life Skills;610893161624;cam-can.com.au/;marc@camcan.org.au;35 Ardross St, APPLECROSS, WA, 6153
;;Household Tasks;610893161624;cam-can.com.au/;marc@camcan.org.au;35 Ardross St, APPLECROSS, WA, 6153
;;Participate Community;610893161624;cam-can.com.au/;marc@camcan.org.au;35 Ardross St, APPLECROSS, WA, 6153
;;Plan Management;610893161624;cam-can.com.au/;marc@camcan.org.au;35 Ardross St, APPLECROSS, WA, 6153
;;Training-Travel Independence;610893161624;cam-can.com.au/;marc@camcan.org.au;35 Ardross St, APPLECROSS, WA, 6153
The Trustee for Randd Trust;NORTH PERTH;Assess-Skill, Ability, Needs;610894435630;www.charlesstreetclinic.com.au;cairnsgroup@gmail.com;517 Charles St, NORTH PERTH, WA, 6006
;;Behaviour Support;610894435630;www.charlesstreetclinic.com.au;cairnsgroup@gmail.com;517 Charles St, NORTH PERTH, WA, 6006
;;Early Childhood Supports;610894435630;www.charlesstreetclinic.com.au;cairnsgroup@gmail.com;517 Charles St, NORTH PERTH, WA, 6006
;;Therapeutic Supports;610894435630;www.charlesstreetclinic.com.au;cairnsgroup@gmail.com;517 Charles St, NORTH PERTH, WA, 6006
The trustee for SAS Unit Trust;MT LAWLEY;Assist-Life Stage, Transition;610892726002;www.bgsr.com.au;info@bgsr.com.au;55 Railway Parade, MT LAWLEY, WA, 6050
;;Assist-Personal Activities;610892726002;www.bgsr.com.au;info@bgsr.com.au;55 Railway Parade, MT LAWLEY, WA, 6050
;;Assist-Travel/Transport;610892726002;www.bgsr.com.au;info@bgsr.com.au;55 Railway Parade, MT LAWLEY, WA, 6050
;;Daily Tasks/Shared Living;610892726002;www.bgsr.com.au;info@bgsr.com.au;55 Railway Parade, MT LAWLEY, WA, 6050
;;Development-Life Skills;610892726002;www.bgsr.com.au;info@bgsr.com.au;55 Railway Parade, MT LAWLEY, WA, 6050
;;Household Tasks;610892726002;www.bgsr.com.au;info@bgsr.com.au;55 Railway Parade, MT LAWLEY, WA, 6050
;;Participate Community;610892726002;www.bgsr.com.au;info@bgsr.com.au;55 Railway Parade, MT LAWLEY, WA, 6050
The trustee for the Apollon Trust;GUILDFORD;Accommodation/Tenancy;;www.one2one.im;info@one2one.im;32 Johnson Street, GUILDFORD, WA, 6055
;;Assist Access/Maintain Employ;;www.one2one.im;info@one2one.im;32 Johnson Street, GUILDFORD, WA, 6055
;;Assist-Integrate School/Ed;;www.one2one.im;info@one2one.im;32 Johnson Street, GUILDFORD, WA, 6055
;;Assist-Life Stage, Transition;;www.one2one.im;info@one2one.im;32 Johnson Street, GUILDFORD, WA, 6055
;;Assist-Personal Activities;;www.one2one.im;info@one2one.im;32 Johnson Street, GUILDFORD, WA, 6055
;;Assist-Travel/Transport;;www.one2one.im;info@one2one.im;32 Johnson Street, GUILDFORD, WA, 6055
;;Daily Tasks/Shared Living;;www.one2one.im;info@one2one.im;32 Johnson Street, GUILDFORD, WA, 6055
;;Development-Life Skills;;www.one2one.im;info@one2one.im;32 Johnson Street, GUILDFORD, WA, 6055
;;Household Tasks;;www.one2one.im;info@one2one.im;32 Johnson Street, GUILDFORD, WA, 6055
;;Participate Community;;www.one2one.im;info@one2one.im;32 Johnson Street, GUILDFORD, WA, 6055
;;Plan Management;;www.one2one.im;info@one2one.im;32 Johnson Street, GUILDFORD, WA, 6055
;;Training-Travel Independence;;www.one2one.im;info@one2one.im;32 Johnson Street, GUILDFORD, WA, 6055
The Trustee for The HenderCare Trust;WEST PERTH;;611300993688;www.hendercare.com.au;mail.wa@hendercare.com.au;Suite 3, 610 Murray Street, WEST PERTH, WA, 6005
The trustee for the Home & Driving OT Trust;LEEMING;Assess-Skill, Ability, Needs;610893321783;www.otservicesgroup.com;admin@otservicesgroup.com;2 Gracechurch Crescent, LEEMING, WA, 6149
;;Equipment Special Assess Setup;610893321783;www.otservicesgroup.com;admin@otservicesgroup.com;2 Gracechurch Crescent, LEEMING, WA, 6149
;;Home Modification;610893321783;www.otservicesgroup.com;admin@otservicesgroup.com;2 Gracechurch Crescent, LEEMING, WA, 6149
;;Therapeutic Supports;610893321783;www.otservicesgroup.com;admin@otservicesgroup.com;2 Gracechurch Crescent, LEEMING, WA, 6149
The trustee for Van Tonder Family Trust;WEMBLEY;Equipment Special Assess Setup;610893875507;www.perthshoemaker.com.au;info@perthshoemaker.com.au;340B Cambridge Street, WEMBLEY, WA, 6014
;;Personal Mobility Equipment;610893875507;www.perthshoemaker.com.au;info@perthshoemaker.com.au;340B Cambridge Street, WEMBLEY, WA, 6014
Therapy Focus Incorporated;BENTLEY;Assess-Skill, Ability, Needs;"+610894789500
(00) 0000 0000";www.therapyfocus.org.au;administration@therapyfocus.org.au;Unit 5, 1140 Albany Hwy, BENTLEY, WA, 6102
;;Assist Prod-Pers Care/Safety;+610894789500(00) 0000 0000;www.therapyfocus.org.au;administration@therapyfocus.org.au;Unit 5, 1140 Albany Hwy, BENTLEY, WA, 6102
;;Assistive Equip-Recreation;+610894789500(00) 0000 0000;www.therapyfocus.org.au;administration@therapyfocus.org.au;Unit 5, 1140 Albany Hwy, BENTLEY, WA, 6102
;;Assistive Prod-Household Task;+610894789500(00) 0000 0000;www.therapyfocus.org.au;administration@therapyfocus.org.au;Unit 5, 1140 Albany Hwy, BENTLEY, WA, 6102
;;Assist-Life Stage, Transition;+610894789500(00) 0000 0000;www.therapyfocus.org.au;administration@therapyfocus.org.au;Unit 5, 1140 Albany Hwy, BENTLEY, WA, 6102
;;Behaviour Support;+610894789500(00) 0000 0000;www.therapyfocus.org.au;administration@therapyfocus.org.au;Unit 5, 1140 Albany Hwy, BENTLEY, WA, 6102
;;Comms & Info Equipment;+610894789500(00) 0000 0000;www.therapyfocus.org.au;administration@therapyfocus.org.au;Unit 5, 1140 Albany Hwy, BENTLEY, WA, 6102
;;Development-Life Skills;+610894789500(00) 0000 0000;www.therapyfocus.org.au;administration@therapyfocus.org.au;Unit 5, 1140 Albany Hwy, BENTLEY, WA, 6102
;;Early Childhood Supports;+610894789500(00) 0000 0000;www.therapyfocus.org.au;administration@therapyfocus.org.au;Unit 5, 1140 Albany Hwy, BENTLEY, WA, 6102
;;Equipment Special Assess Setup;+610894789500(00) 0000 0000;www.therapyfocus.org.au;administration@therapyfocus.org.au;Unit 5, 1140 Albany Hwy, BENTLEY, WA, 6102
;;Hearing Equipment;+610894789500(00) 0000 0000;www.therapyfocus.org.au;administration@therapyfocus.org.au;Unit 5, 1140 Albany Hwy, BENTLEY, WA, 6102
;;Home Modification;+610894789500(00) 0000 0000;www.therapyfocus.org.au;administration@therapyfocus.org.au;Unit 5, 1140 Albany Hwy, BENTLEY, WA, 6102
;;Participate Community;+610894789500(00) 0000 0000;www.therapyfocus.org.au;administration@therapyfocus.org.au;Unit 5, 1140 Albany Hwy, BENTLEY, WA, 6102
;;Personal Mobility Equipment;+610894789500(00) 0000 0000;www.therapyfocus.org.au;administration@therapyfocus.org.au;Unit 5, 1140 Albany Hwy, BENTLEY, WA, 6102
;;Physical Wellbeing;+610894789500(00) 0000 0000;www.therapyfocus.org.au;administration@therapyfocus.org.au;Unit 5, 1140 Albany Hwy, BENTLEY, WA, 6102
;;Therapeutic Supports;+610894789500(00) 0000 0000;www.therapyfocus.org.au;administration@therapyfocus.org.au;Unit 5, 1140 Albany Hwy, BENTLEY, WA, 6102
;;Training-Travel Independence;+610894789500(00) 0000 0000;www.therapyfocus.org.au;administration@therapyfocus.org.au;Unit 5, 1140 Albany Hwy, BENTLEY, WA, 6102
;;Vehicle modifications;+610894789500(00) 0000 0000;www.therapyfocus.org.au;administration@therapyfocus.org.au;Unit 5, 1140 Albany Hwy, BENTLEY, WA, 6102
;;Vision Equipment;+610894789500(00) 0000 0000;www.therapyfocus.org.au;administration@therapyfocus.org.au;Unit 5, 1140 Albany Hwy, BENTLEY, WA, 6102
Therapy Learning and Communication - WA (TLC - WA);JOONDALUP;Assess-Skill, Ability, Needs;610893011154;www.tlc-wa.com.au;helenbolton@therapylearningcommunication.com.au;10 Elcar Lane, JOONDALUP, WA, 6027
;;Behaviour Support;610893011154;www.tlc-wa.com.au;helenbolton@therapylearningcommunication.com.au;10 Elcar Lane, JOONDALUP, WA, 6027
;;Early Childhood Supports;610893011154;www.tlc-wa.com.au;helenbolton@therapylearningcommunication.com.au;10 Elcar Lane, JOONDALUP, WA, 6027
;;Physical Wellbeing;610893011154;www.tlc-wa.com.au;helenbolton@therapylearningcommunication.com.au;10 Elcar Lane, JOONDALUP, WA, 6027
;;Therapeutic Supports;610893011154;www.tlc-wa.com.au;helenbolton@therapylearningcommunication.com.au;10 Elcar Lane, JOONDALUP, WA, 6027
TTF the WG & LD Dartnall Family Trust and TTF the SP & RE Dartnall Family Trust;BENTLEY;Assist Prod-Pers Care/Safety;610893517500;www.unicarehealth.com.au;info@unicarehealth.com.au;29 Alexandra Place, BENTLEY, WA, 6102
;;Assistive Equip-Recreation;610893517500;www.unicarehealth.com.au;info@unicarehealth.com.au;29 Alexandra Place, BENTLEY, WA, 6102
;;Assistive Prod-Household Task;610893517500;www.unicarehealth.com.au;info@unicarehealth.com.au;29 Alexandra Place, BENTLEY, WA, 6102
;;Vision Equipment;610893517500;www.unicarehealth.com.au;info@unicarehealth.com.au;29 Alexandra Place, BENTLEY, WA, 6102
Ubiquitous Holdings Pty Ltd;NORTH PERTH;Assess-Skill, Ability, Needs;"+610893883577
(00) 00000000";www.atlantichealth.com.au;admin@atlantichealth.com.au;45 Coronation Street, NORTH PERTH, WA, 6006
;;Assist-Life Stage, Transition;+610893883577(00) 00000000;www.atlantichealth.com.au;admin@atlantichealth.com.au;45 Coronation Street, NORTH PERTH, WA, 6006
;;Behaviour Support;+610893883577(00) 00000000;www.atlantichealth.com.au;admin@atlantichealth.com.au;45 Coronation Street, NORTH PERTH, WA, 6006
;;Other Innovative Supports;+610893883577(00) 00000000;www.atlantichealth.com.au;admin@atlantichealth.com.au;45 Coronation Street, NORTH PERTH, WA, 6006
;;Physical Wellbeing;+610893883577(00) 00000000;www.atlantichealth.com.au;admin@atlantichealth.com.au;45 Coronation Street, NORTH PERTH, WA, 6006
;;Therapeutic Supports;+610893883577(00) 00000000;www.atlantichealth.com.au;admin@atlantichealth.com.au;45 Coronation Street, NORTH PERTH, WA, 6006
UnitingCare West;VICTORIA PARK;Assist-Personal Activities;611300663298;www.unitingcarewest.org.au;admin@unitingcarewest.org.au;16 Sunbury Rd, VICTORIA PARK, WA, 6100
Valued Independent People Inc;DUNCRAIG;;"+610892037500
(00) 00000000";www.vip.org.au;Jackie.gibhard@vip.org.au;15 Chessell Drive, DUNCRAIG, WA, 6023
Valued Lives Foundation;CANNINGVALE;Assist-Life Stage, Transition;610416579350;www.valuedlives.org.au;bronia@valuedlives.org.au;ADDRESS CONFIDENTIAL
;;Plan Management;610416579350;www.valuedlives.org.au;bronia@valuedlives.org.au;ADDRESS CONFIDENTIAL
VisAbility Limited;VICTORIA PARK;Assess-Skill, Ability, Needs;610893118202;www.visability.com.au;melinda.nota@visability.com.au;61 Kitchener Avenue, VICTORIA PARK, WA, 6100
;;Assist-Life Stage, Transition;610893118202;www.visability.com.au;melinda.nota@visability.com.au;61 Kitchener Avenue, VICTORIA PARK, WA, 6100
;;Development-Life Skills;610893118202;www.visability.com.au;melinda.nota@visability.com.au;61 Kitchener Avenue, VICTORIA PARK, WA, 6100
;;Early Childhood Supports;610893118202;www.visability.com.au;melinda.nota@visability.com.au;61 Kitchener Avenue, VICTORIA PARK, WA, 6100
;;Equipment Special Assess Setup;610893118202;www.visability.com.au;melinda.nota@visability.com.au;61 Kitchener Avenue, VICTORIA PARK, WA, 6100
;;Participate Community;610893118202;www.visability.com.au;melinda.nota@visability.com.au;61 Kitchener Avenue, VICTORIA PARK, WA, 6100
;;Therapeutic Supports;610893118202;www.visability.com.au;melinda.nota@visability.com.au;61 Kitchener Avenue, VICTORIA PARK, WA, 6100
;;Training-Travel Independence;610893118202;www.visability.com.au;melinda.nota@visability.com.au;61 Kitchener Avenue, VICTORIA PARK, WA, 6100
;;Vision Equipment;610893118202;www.visability.com.au;melinda.nota@visability.com.au;61 Kitchener Avenue, VICTORIA PARK, WA, 6100
Vision Australia Limited;KOOYONG;;611300847466;www.visionaustralia.org;patricia.woodcroft-lee@visionaustralia.org;454 Glenferrie Road, KOOYONG, VIC, 3144
WA Blue Sky Inc;EAST VICTORIA PARK;;;;;ADDRESS CONFIDENTIAL
Wainstein, Corene;DIANELLA;Assess-Skill, Ability, Needs;610410651755;www.stepaheadot.com.au;corenewainstein@arach.net.au;Alexander Medical Suites, 284 Alexander Drive, DIANELLA, WA, 6059
;;Early Childhood Supports;610410651755;www.stepaheadot.com.au;corenewainstein@arach.net.au;Alexander Medical Suites, 284 Alexander Drive, DIANELLA, WA, 6059
;;Therapeutic Supports;610410651755;www.stepaheadot.com.au;corenewainstein@arach.net.au;Alexander Medical Suites, 284 Alexander Drive, DIANELLA, WA, 6059
We Can Community Services Pty Ltd;MIDLAND;Accommodation/Tenancy;610893740330;www.wecan.net.au;wecanai@bigpond.com;Building, 73 Morrison Road, MIDLAND, WA, 6056
;;Assist Access/Maintain Employ;610893740330;www.wecan.net.au;wecanai@bigpond.com;Building, 73 Morrison Road, MIDLAND, WA, 6056
;;Assist-Integrate School/Ed;610893740330;www.wecan.net.au;wecanai@bigpond.com;Building, 73 Morrison Road, MIDLAND, WA, 6056
;;Assist-Life Stage, Transition;610893740330;www.wecan.net.au;wecanai@bigpond.com;Building, 73 Morrison Road, MIDLAND, WA, 6056
;;Assist-Personal Activities;610893740330;www.wecan.net.au;wecanai@bigpond.com;Building, 73 Morrison Road, MIDLAND, WA, 6056
;;Assist-Travel/Transport;610893740330;www.wecan.net.au;wecanai@bigpond.com;Building, 73 Morrison Road, MIDLAND, WA, 6056
;;Daily Tasks/Shared Living;610893740330;www.wecan.net.au;wecanai@bigpond.com;Building, 73 Morrison Road, MIDLAND, WA, 6056
;;Development-Life Skills;610893740330;www.wecan.net.au;wecanai@bigpond.com;Building, 73 Morrison Road, MIDLAND, WA, 6056
;;Household Tasks;610893740330;www.wecan.net.au;wecanai@bigpond.com;Building, 73 Morrison Road, MIDLAND, WA, 6056
;;Participate Community;610893740330;www.wecan.net.au;wecanai@bigpond.com;Building, 73 Morrison Road, MIDLAND, WA, 6056
;;Training-Travel Independence;610893740330;www.wecan.net.au;wecanai@bigpond.com;Building, 73 Morrison Road, MIDLAND, WA, 6056
Wesley Mission Brisbane;CHERMSIDE;Interpret/Translate;611800246945;www.nicss.org.au;bookings@nicss.org.au;ADDRESS CONFIDENTIAL
Western Australian Deaf Society Inc;EAST PERTH;Accommodation/Tenancy;610894412623;www.wadeaf.org.au;wadeaf@wadeaf.org.au;Unit 46, 5 Aberdeen Street, EAST PERTH, WA, 6004
;;Assist-Life Stage, Transition;610894412623;www.wadeaf.org.au;wadeaf@wadeaf.org.au;Unit 46, 5 Aberdeen Street, EAST PERTH, WA, 6004
;;Development-Life Skills;610894412623;www.wadeaf.org.au;wadeaf@wadeaf.org.au;Unit 46, 5 Aberdeen Street, EAST PERTH, WA, 6004
;;Interpret/Translate;610894412623;www.wadeaf.org.au;wadeaf@wadeaf.org.au;Unit 46, 5 Aberdeen Street, EAST PERTH, WA, 6004
;;Participate Community;610894412623;www.wadeaf.org.au;wadeaf@wadeaf.org.au;Unit 46, 5 Aberdeen Street, EAST PERTH, WA, 6004
;;Therapeutic Supports;610894412623;www.wadeaf.org.au;wadeaf@wadeaf.org.au;Unit 46, 5 Aberdeen Street, EAST PERTH, WA, 6004
Wholesale Auto Imports Pty Ltd;WANGARA;;610893034881;www.downunderauto.com.au;kim@downunderauto.com.au;Unit 5 and 7, 10 Prestige Parade, WANGARA, WA, 6065
Williams, Kathryn Jane;OCEAN REEF;;610401840768;letsgophysio.com.au;kjwilliams@dodo.com.au;St Simon Peter School, 18 Prendiville Drv, OCEAN REEF, WA, 6027
Wize Therapy Pty Ltd;BOORAGOON;Assess-Skill, Ability, Needs;610893177932;www.wizetherapy.com.au;info@wizetherapy.com.au;175 Davy Street, BOORAGOON, WA, 6154
;;Early Childhood Supports;610893177932;www.wizetherapy.com.au;info@wizetherapy.com.au;175 Davy Street, BOORAGOON, WA, 6154
;;Equipment Special Assess Setup;610893177932;www.wizetherapy.com.au;info@wizetherapy.com.au;175 Davy Street, BOORAGOON, WA, 6154
;;Therapeutic Supports;610893177932;www.wizetherapy.com.au;info@wizetherapy.com.au;175 Davy Street, BOORAGOON, WA, 6154
Workpower Inc.;OSBORNE PARK;Assist Access/Maintain Employ;611800610665;www.workpower.com;lee.broomhall@workpower.asn.au;9 LEEWAY COURT, OSBORNE PARK, WA, 6017
;;Assist-Integrate School/Ed;611800610665;www.workpower.com;lee.broomhall@workpower.asn.au;9 LEEWAY COURT, OSBORNE PARK, WA, 6017
;;Assist-Life Stage, Transition;611800610665;www.workpower.com;lee.broomhall@workpower.asn.au;9 LEEWAY COURT, OSBORNE PARK, WA, 6017
;;Assist-Personal Activities;611800610665;www.workpower.com;lee.broomhall@workpower.asn.au;9 LEEWAY COURT, OSBORNE PARK, WA, 6017
;;Assist-Travel/Transport;611800610665;www.workpower.com;lee.broomhall@workpower.asn.au;9 LEEWAY COURT, OSBORNE PARK, WA, 6017
;;Development-Life Skills;611800610665;www.workpower.com;lee.broomhall@workpower.asn.au;9 LEEWAY COURT, OSBORNE PARK, WA, 6017
;;Participate Community;611800610665;www.workpower.com;lee.broomhall@workpower.asn.au;9 LEEWAY COURT, OSBORNE PARK, WA, 6017
;;Training-Travel Independence;611800610665;www.workpower.com;lee.broomhall@workpower.asn.au;9 LEEWAY COURT, OSBORNE PARK, WA, 6017
