Ability Technology Limited;PEARCE;;"+610299079736
(00) 00000000";www.ability.org.au;info@ability.org.au;6 Hodgson Place, PEARCE, ACT, 2607
Able Australia Services;WANNIASSA;Accommodation/Tenancy;;;;C9 Block C, Erindale Business Park, 2 Lansell Circuit, WANNIASSA, ACT, 2903
;;Assess-Skill, Ability, Needs;;;;C9 Block C, Erindale Business Park, 2 Lansell Circuit, WANNIASSA, ACT, 2903
;;Assist-Integrate School/Ed;;;;C9 Block C, Erindale Business Park, 2 Lansell Circuit, WANNIASSA, ACT, 2903
;;Assist-Life Stage, Transition;;;;C9 Block C, Erindale Business Park, 2 Lansell Circuit, WANNIASSA, ACT, 2903
;;Assist-Personal Activities;;;;C9 Block C, Erindale Business Park, 2 Lansell Circuit, WANNIASSA, ACT, 2903
;;Behaviour Support;;;;C9 Block C, Erindale Business Park, 2 Lansell Circuit, WANNIASSA, ACT, 2903
;;Daily Tasks/Shared Living;;;;C9 Block C, Erindale Business Park, 2 Lansell Circuit, WANNIASSA, ACT, 2903
;;Development-Life Skills;;;;C9 Block C, Erindale Business Park, 2 Lansell Circuit, WANNIASSA, ACT, 2903
;;Equipment Special Assess Setup;;;;C9 Block C, Erindale Business Park, 2 Lansell Circuit, WANNIASSA, ACT, 2903
;;Household Tasks;;;;C9 Block C, Erindale Business Park, 2 Lansell Circuit, WANNIASSA, ACT, 2903
;;Participate Community;;;;C9 Block C, Erindale Business Park, 2 Lansell Circuit, WANNIASSA, ACT, 2903
;;Plan Management;;;;C9 Block C, Erindale Business Park, 2 Lansell Circuit, WANNIASSA, ACT, 2903
Access Innovation Media Pty Ltd;MACQUARIE PARK;;;;;12 Waterloo Road, MACQUARIE PARK, NSW, 2113
ACT Deafness Resource Centre Inc;HOLDER;Assess-Skill, Ability, Needs;;;;Level 1B Grant Cameron Community Centre, 27 Mulley Street, HOLDER, ACT, 2611
;;Assist Prod-Pers Care/Safety;;;;Level 1B Grant Cameron Community Centre, 27 Mulley Street, HOLDER, ACT, 2611
;;Hearing Equipment;;;;Level 1B Grant Cameron Community Centre, 27 Mulley Street, HOLDER, ACT, 2611
ACT Disability Aged & Carer Advocacy Service Inc;WATSON;Assist-Life Stage, Transition;610262425060;adacas@adacas.org.au;adacas@adacas.org.au;Suite 104, Block C, Canberra Technology Park, 49 Phillip Ave, WATSON, ACT, 2602
ACT Education & Training Directorate Departmental;STIRLING;Assist-Integrate School/Ed;;;disabilityeducation@act.gov.au;Centre For Teaching And Learning, Fremantle Drive, STIRLING, ACT, 2611
;;Assist-Life Stage, Transition;;;disabilityeducation@act.gov.au;Centre For Teaching And Learning, Fremantle Drive, STIRLING, ACT, 2611
;;Assist-Travel/Transport;;;disabilityeducation@act.gov.au;Centre For Teaching And Learning, Fremantle Drive, STIRLING, ACT, 2611
;;Early Childhood Supports;;;disabilityeducation@act.gov.au;Centre For Teaching And Learning, Fremantle Drive, STIRLING, ACT, 2611
ACT Medicare Local Ltd;DEAKIN;;;;reception@actml.com.au;Unit 2, 1 Geils Circuit, DEAKIN, ACT, 2600
Alepho Pty Ltd;TUGGERANONG;Therapeutic Supports;610262939996;www.simpsyc.com;admin@simpsyc.com;Unit 10 Level 2 Lakeview House, 236 Cowlishaw St.,, TUGGERANONG, ACT, 2900
Alzheimer's Australia ACT Incorporated;KALEEN;Assist-Life Stage, Transition;610262550722;;act.intake@alzheimers.org.au;Main Building, 159 Maribyrnong Avenue, KALEEN, ACT, 2617
;;Behaviour Support;610262550722;;act.intake@alzheimers.org.au;Main Building, 159 Maribyrnong Avenue, KALEEN, ACT, 2617
;;Development-Life Skills;610262550722;;act.intake@alzheimers.org.au;Main Building, 159 Maribyrnong Avenue, KALEEN, ACT, 2617
;;Participate Community;610262550722;;act.intake@alzheimers.org.au;Main Building, 159 Maribyrnong Avenue, KALEEN, ACT, 2617
;;Training-Travel Independence;610262550722;;act.intake@alzheimers.org.au;Main Building, 159 Maribyrnong Avenue, KALEEN, ACT, 2617
Alzheimer's Australia Inc;SCULLIN;Assist-Life Stage, Transition;;www.fightdementia.org.au;nat.accounts@alzheimers.org.au;1 Frewin Place, SCULLIN, ACT, 2614
Anglicare NSW South NSW West and ACT;HOLT, CANBERRA;Assist Access/Maintain Employ;;;;3/80 Beaurepaire Crescent, HOLT, CANBERRA, ACT, 2615
;;Assist-Integrate School/Ed;;;;3/80 Beaurepaire Crescent, HOLT, CANBERRA, ACT, 2615
;;Assist-Life Stage, Transition;;;;3/80 Beaurepaire Crescent, HOLT, CANBERRA, ACT, 2615
;;Assist-Personal Activities;;;;3/80 Beaurepaire Crescent, HOLT, CANBERRA, ACT, 2615
;;Assist-Travel/Transport;;;;3/80 Beaurepaire Crescent, HOLT, CANBERRA, ACT, 2615
;;Behaviour Support;;;;3/80 Beaurepaire Crescent, HOLT, CANBERRA, ACT, 2615
;;Daily Tasks/Shared Living;;;;3/80 Beaurepaire Crescent, HOLT, CANBERRA, ACT, 2615
;;Development-Life Skills;;;;3/80 Beaurepaire Crescent, HOLT, CANBERRA, ACT, 2615
;;Household Tasks;;;;3/80 Beaurepaire Crescent, HOLT, CANBERRA, ACT, 2615
;;Participate Community;;;;3/80 Beaurepaire Crescent, HOLT, CANBERRA, ACT, 2615
;;Training-Travel Independence;;;;3/80 Beaurepaire Crescent, HOLT, CANBERRA, ACT, 2615
Archicentre Limited;SOUTH BRISBANE;;611300657836;www.archicentre.com.au;contact@archicentre.com.au;70 Merivale St, SOUTH BRISBANE, QLD, 4101
ArKi Link Australia Pty Ltd;PHILLIP;;"+610431697877
0000 00 0000";;admin@aklabs.com.au;6/70 Port Jackson Circuit,, PHILLIP, ACT, 2606
As One Therapy Pty Limited;PHILLIP;Assess-Skill, Ability, Needs;610413201078;www.asonetherapy.com.au;info@asonetherapy.com.au;Level 4, 20 Bradley Street, PHILLIP, ACT, 2606
;;Behaviour Support;610413201078;www.asonetherapy.com.au;info@asonetherapy.com.au;Level 4, 20 Bradley Street, PHILLIP, ACT, 2606
;;Early Childhood Supports;610413201078;www.asonetherapy.com.au;info@asonetherapy.com.au;Level 4, 20 Bradley Street, PHILLIP, ACT, 2606
;;Equipment Special Assess Setup;610413201078;www.asonetherapy.com.au;info@asonetherapy.com.au;Level 4, 20 Bradley Street, PHILLIP, ACT, 2606
;;Therapeutic Supports;610413201078;www.asonetherapy.com.au;info@asonetherapy.com.au;Level 4, 20 Bradley Street, PHILLIP, ACT, 2606
Aspire Early Intervention Pty Ltd;WENTWORTH POINT;Assess-Skill, Ability, Needs;"+610297399798
(00) 0000 0000";www.aspireearlyintervention.com;info@aspireearlyintervention.com;Suite 107, 3 The Crescent, WENTWORTH POINT, NSW, 2127
;;Early Childhood Supports;+610297399798(00) 0000 0000;www.aspireearlyintervention.com;info@aspireearlyintervention.com;Suite 107, 3 The Crescent, WENTWORTH POINT, NSW, 2127
Australian Red Cross Society;GARRAN;Assist Prod-Pers Care/Safety;"+610262347663
(00) 00000000";;socialinclusionact@redcross.org.au;Level 1 Red Cross House, 3 Dann Close, GARRAN, ACT, 2605
;;Assistive Prod-Household Task;+610262347663(00) 00000000;;socialinclusionact@redcross.org.au;Level 1 Red Cross House, 3 Dann Close, GARRAN, ACT, 2605
;;Household Tasks;+610262347663(00) 00000000;;socialinclusionact@redcross.org.au;Level 1 Red Cross House, 3 Dann Close, GARRAN, ACT, 2605
;;Participate Community;+610262347663(00) 00000000;;socialinclusionact@redcross.org.au;Level 1 Red Cross House, 3 Dann Close, GARRAN, ACT, 2605
Autism Asperger Act Incorporated;CHIFLEY;;;;;ADDRESS CONFIDENTIAL
Autism Spectrum Australia (Aspect);COOK;Assess-Skill, Ability, Needs;610262517955;;;Cook Community Hub, 41 Templeton Street, COOK, ACT, 2614
;;Assist Access/Maintain Employ;610262517955;;;Cook Community Hub, 41 Templeton Street, COOK, ACT, 2614
;;Assist-Integrate School/Ed;610262517955;;;Cook Community Hub, 41 Templeton Street, COOK, ACT, 2614
;;Assist-Life Stage, Transition;610262517955;;;Cook Community Hub, 41 Templeton Street, COOK, ACT, 2614
;;Assist-Personal Activities;610262517955;;;Cook Community Hub, 41 Templeton Street, COOK, ACT, 2614
;;Behaviour Support;610262517955;;;Cook Community Hub, 41 Templeton Street, COOK, ACT, 2614
;;Comms & Info Equipment;610262517955;;;Cook Community Hub, 41 Templeton Street, COOK, ACT, 2614
;;Development-Life Skills;610262517955;;;Cook Community Hub, 41 Templeton Street, COOK, ACT, 2614
;;Early Childhood Supports;610262517955;;;Cook Community Hub, 41 Templeton Street, COOK, ACT, 2614
;;Other Innovative Supports;610262517955;;;Cook Community Hub, 41 Templeton Street, COOK, ACT, 2614
;;Plan Management;610262517955;;;Cook Community Hub, 41 Templeton Street, COOK, ACT, 2614
;;Therapeutic Supports;610262517955;;;Cook Community Hub, 41 Templeton Street, COOK, ACT, 2614
Barnardos Australia;DOWNER;Accommodation/Tenancy;;;;ADDRESS CONFIDENTIAL
;;Assist-Integrate School/Ed;;;;ADDRESS CONFIDENTIAL
;;Assist-Life Stage, Transition;;;;ADDRESS CONFIDENTIAL
;;Assist-Travel/Transport;;;;ADDRESS CONFIDENTIAL
;;Development-Life Skills;;;;ADDRESS CONFIDENTIAL
;;Participate Community;;;;ADDRESS CONFIDENTIAL
Belconnen Community Service Inc;BELCONNEN;Assist-Integrate School/Ed;;;;26 Chandler Street, BELCONNEN, ACT, 2617
;;Assist-Life Stage, Transition;;;;26 Chandler Street, BELCONNEN, ACT, 2617
;;Assist-Personal Activities;;;;26 Chandler Street, BELCONNEN, ACT, 2617
;;Assist-Travel/Transport;;;;26 Chandler Street, BELCONNEN, ACT, 2617
;;Development-Life Skills;;;;26 Chandler Street, BELCONNEN, ACT, 2617
;;Household Tasks;;;;26 Chandler Street, BELCONNEN, ACT, 2617
;;Participate Community;;;;26 Chandler Street, BELCONNEN, ACT, 2617
;;Physical Wellbeing;;;;26 Chandler Street, BELCONNEN, ACT, 2617
;;Therapeutic Supports;;;;26 Chandler Street, BELCONNEN, ACT, 2617
;;Training-Travel Independence;;;;26 Chandler Street, BELCONNEN, ACT, 2617
Bellairs, Ryan;CHAPMAN;Assess-Skill, Ability, Needs;610403232409;www.aaaot.com.au;ryan@aaaot.com.au;68 Darwinia Terrace, CHAPMAN, ACT, 2611
;;Behaviour Support;610403232409;www.aaaot.com.au;ryan@aaaot.com.au;68 Darwinia Terrace, CHAPMAN, ACT, 2611
;;Early Childhood Supports;610403232409;www.aaaot.com.au;ryan@aaaot.com.au;68 Darwinia Terrace, CHAPMAN, ACT, 2611
;;Equipment Special Assess Setup;610403232409;www.aaaot.com.au;ryan@aaaot.com.au;68 Darwinia Terrace, CHAPMAN, ACT, 2611
;;Therapeutic Supports;610403232409;www.aaaot.com.au;ryan@aaaot.com.au;68 Darwinia Terrace, CHAPMAN, ACT, 2611
Bennell, Gail Amanda;EAST DEVONPORT;Assess-Skill, Ability, Needs;;;;132 Caroline St, EAST DEVONPORT, TAS, 7310
;;Early Childhood Supports;;;;132 Caroline St, EAST DEVONPORT, TAS, 7310
;;Equipment Special Assess Setup;;;;132 Caroline St, EAST DEVONPORT, TAS, 7310
;;Therapeutic Supports;;;;132 Caroline St, EAST DEVONPORT, TAS, 7310
C F Harvey & M Mazzucco;WRIGHT;Physical Wellbeing;;;;ADDRESS CONFIDENTIAL
Canberra Blind Society (Inc) - Canberra;CANBERRA;;;;;Room G06, Griffin Centre, Genge Street, CANBERRA, ACT, 2601
Canberra Men's Centre Incorporated;CANBERRA CITY;;610262306999;www.menscentre.org.au;cmc@menscentre.org.au;Level 3 Griffin Centre, 20 Genge Street, CANBERRA CITY, ACT, 2601
Capital Community Housing Incorporated;HOLDER;Accommodation/Tenancy;;;;Level 2B, 27 Mulley Street, HOLDER, ACT, 2611
;;Daily Tasks/Shared Living;;;;Level 2B, 27 Mulley Street, HOLDER, ACT, 2611
Capital Therapy Services Pty Ltd;PHILLIP;Early Childhood Supports;"+610261546940
(00) 0000 0000";www.capitaltherapyservices.com.au;info@capitaltherapyservices.com.au;Unit 10, 21 Colbee Court, PHILLIP, ACT, 2606
;;Therapeutic Supports;+610261546940(00) 0000 0000;www.capitaltherapyservices.com.au;info@capitaltherapyservices.com.au;Unit 10, 21 Colbee Court, PHILLIP, ACT, 2606
Care Companions (ACT) Pty. Ltd.;WANNIASSA;;610262961213;www.carecompanions.con.au;thu@carecompanions.com.au;13 Cuthbert Circuit, WANNIASSA, ACT, 2903
Care Plus Services Pty Ltd;CALWELL;Assist Access/Maintain Employ;"+610262393830
00 00000000";;admin@careplusservices.com;37/36 Fink Cresent, CALWELL, ACT, 2905
;;Assist-Integrate School/Ed;+6102623938300 0 00000000;;admin@careplusservices.com;37/36 Fink Cresent, CALWELL, ACT, 2905
;;Assist-Life Stage, Transition;+6102623938300 0 00000000;;admin@careplusservices.com;37/36 Fink Cresent, CALWELL, ACT, 2905
;;Assist-Personal Activities;+6102623938300 0 00000000;;admin@careplusservices.com;37/36 Fink Cresent, CALWELL, ACT, 2905
;;Assist-Travel/Transport;+6102623938300 0 00000000;;admin@careplusservices.com;37/36 Fink Cresent, CALWELL, ACT, 2905
;;Daily Tasks/Shared Living;+6102623938300 0 00000000;;admin@careplusservices.com;37/36 Fink Cresent, CALWELL, ACT, 2905
;;Development-Life Skills;+6102623938300 0 00000000;;admin@careplusservices.com;37/36 Fink Cresent, CALWELL, ACT, 2905
;;Household Tasks;+6102623938300 0 00000000;;admin@careplusservices.com;37/36 Fink Cresent, CALWELL, ACT, 2905
;;Participate Community;+6102623938300 0 00000000;;admin@careplusservices.com;37/36 Fink Cresent, CALWELL, ACT, 2905
;;Plan Management;+6102623938300 0 00000000;;admin@careplusservices.com;37/36 Fink Cresent, CALWELL, ACT, 2905
;;Training-Travel Independence;+6102623938300 0 00000000;;admin@careplusservices.com;37/36 Fink Cresent, CALWELL, ACT, 2905
Care4all Pty Ltd;YASS;;610262265016;www.care4all.com.au;care4all@live.com.au;122 Yass Valley Way, YASS, NSW, 2582
Carers ACT Ltd;HOLT;Assist Access/Maintain Employ;610262969900;;;Unit 2, 80 Beaurepaire Crescent, HOLT, ACT, 2615
;;Assist-Life Stage, Transition;610262969900;;;Unit 2, 80 Beaurepaire Crescent, HOLT, ACT, 2615
;;Behaviour Support;610262969900;;;Unit 2, 80 Beaurepaire Crescent, HOLT, ACT, 2615
;;Daily Tasks/Shared Living;610262969900;;;Unit 2, 80 Beaurepaire Crescent, HOLT, ACT, 2615
;;Development-Life Skills;610262969900;;;Unit 2, 80 Beaurepaire Crescent, HOLT, ACT, 2615
;;Participate Community;610262969900;;;Unit 2, 80 Beaurepaire Crescent, HOLT, ACT, 2615
;;Plan Management;610262969900;;;Unit 2, 80 Beaurepaire Crescent, HOLT, ACT, 2615
;;Training-Travel Independence;610262969900;;;Unit 2, 80 Beaurepaire Crescent, HOLT, ACT, 2615
Caring Approach Pty Ltd;CHERRYBROOK;;611300655026;www.caringapproach.net;admin@caringapproach.net;2/17 Roslyn Place, CHERRYBROOK, NSW, 2126
Carmel Curlewis and Associates Pty Ltd;SCULLIN;Assess-Skill, Ability, Needs;"+610427592730
0000 000 000";http://www.advantagenutrition.com.au/;carmel@advantagenutrition.com.au;5 Ross Smith Crescent, SCULLIN, ACT, 2614
;;Physical Wellbeing;+6104275927300 000 000 000;http://www.advantagenutrition.com.au/;carmel@advantagenutrition.com.au;5 Ross Smith Crescent, SCULLIN, ACT, 2614
Cerebral Palsy Alliance;SCULLIN;Assess-Skill, Ability, Needs;610261990600;www.cerebralpalsy.org.au;info@cerebralpalsy.org.au;5 Ross Smith Crescent, SCULLIN, ACT, 2614
;;Assist-Integrate School/Ed;610261990600;www.cerebralpalsy.org.au;info@cerebralpalsy.org.au;5 Ross Smith Crescent, SCULLIN, ACT, 2614
;;Assist-Life Stage, Transition;610261990600;www.cerebralpalsy.org.au;info@cerebralpalsy.org.au;5 Ross Smith Crescent, SCULLIN, ACT, 2614
;;Assist-Personal Activities;610261990600;www.cerebralpalsy.org.au;info@cerebralpalsy.org.au;5 Ross Smith Crescent, SCULLIN, ACT, 2614
;;Behaviour Support;610261990600;www.cerebralpalsy.org.au;info@cerebralpalsy.org.au;5 Ross Smith Crescent, SCULLIN, ACT, 2614
;;Comms & Info Equipment;610261990600;www.cerebralpalsy.org.au;info@cerebralpalsy.org.au;5 Ross Smith Crescent, SCULLIN, ACT, 2614
;;Daily Tasks/Shared Living;610261990600;www.cerebralpalsy.org.au;info@cerebralpalsy.org.au;5 Ross Smith Crescent, SCULLIN, ACT, 2614
;;Development-Life Skills;610261990600;www.cerebralpalsy.org.au;info@cerebralpalsy.org.au;5 Ross Smith Crescent, SCULLIN, ACT, 2614
;;Early Childhood Supports;610261990600;www.cerebralpalsy.org.au;info@cerebralpalsy.org.au;5 Ross Smith Crescent, SCULLIN, ACT, 2614
;;Equipment Special Assess Setup;610261990600;www.cerebralpalsy.org.au;info@cerebralpalsy.org.au;5 Ross Smith Crescent, SCULLIN, ACT, 2614
;;Participate Community;610261990600;www.cerebralpalsy.org.au;info@cerebralpalsy.org.au;5 Ross Smith Crescent, SCULLIN, ACT, 2614
;;Personal Mobility Equipment;610261990600;www.cerebralpalsy.org.au;info@cerebralpalsy.org.au;5 Ross Smith Crescent, SCULLIN, ACT, 2614
;;Physical Wellbeing;610261990600;www.cerebralpalsy.org.au;info@cerebralpalsy.org.au;5 Ross Smith Crescent, SCULLIN, ACT, 2614
;;Therapeutic Supports;610261990600;www.cerebralpalsy.org.au;info@cerebralpalsy.org.au;5 Ross Smith Crescent, SCULLIN, ACT, 2614
Chua, Aimee Joy;CRACE;;610400419353;www.bespokespeech.com;bespokespeech@gmail.com;33 Benalla Street, CRACE, ACT, 2911
Circles of Life Disability Support Solutions Pty. Ltd.;KARABAR;;610448358537;www.circlesoflifedisabilitysupportsolutions.com;info@circlesoflifedisabilitysupportsolutions.com;36 Anne Street, KARABAR, ACT, 2620
Clarke, Daniela;NICHOLLS;Assess-Skill, Ability, Needs;;;;1 Tubman Place, NICHOLLS, ACT, 2913
;;Behaviour Support;;;;1 Tubman Place, NICHOLLS, ACT, 2913
;;Early Childhood Supports;;;;1 Tubman Place, NICHOLLS, ACT, 2913
;;Equipment Special Assess Setup;;;;1 Tubman Place, NICHOLLS, ACT, 2913
;;Therapeutic Supports;;;;1 Tubman Place, NICHOLLS, ACT, 2913
Communicate Speech Pathology Pty Ltd;HACKETT;Early Childhood Supports;610293283444;www.communicatespeech.com.au;info@communicatespeech.com.au;CONFIDENTIAL, HACKETT, ACT, 2602
;;Therapeutic Supports;610293283444;www.communicatespeech.com.au;info@communicatespeech.com.au;CONFIDENTIAL, HACKETT, ACT, 2602
Communities@Work Ltd;GREENWAY;Accommodation/Tenancy;610262936500;;;245 Cowlishaw St, GREENWAY, ACT, 2900
;;Assist-Integrate School/Ed;610262936500;;;245 Cowlishaw St, GREENWAY, ACT, 2900
;;Assist-Life Stage, Transition;610262936500;;;245 Cowlishaw St, GREENWAY, ACT, 2900
;;Assist-Personal Activities;610262936500;;;245 Cowlishaw St, GREENWAY, ACT, 2900
;;Assist-Travel/Transport;610262936500;;;245 Cowlishaw St, GREENWAY, ACT, 2900
;;Development-Life Skills;610262936500;;;245 Cowlishaw St, GREENWAY, ACT, 2900
;;Household Tasks;610262936500;;;245 Cowlishaw St, GREENWAY, ACT, 2900
;;Participate Community;610262936500;;;245 Cowlishaw St, GREENWAY, ACT, 2900
;;Training-Travel Independence;610262936500;;;245 Cowlishaw St, GREENWAY, ACT, 2900
Community Connections Incorporated;KAMBAH;Accommodation/Tenancy;610262961133;www.comcons.org.au;admin@comcons.org.au;Kambah Professional Centre, Unit 6/21 Jenke Circuit, KAMBAH, ACT, 2902
;;Assist Access/Maintain Employ;610262961133;www.comcons.org.au;admin@comcons.org.au;Kambah Professional Centre, Unit 6/21 Jenke Circuit, KAMBAH, ACT, 2902
;;Assist-Life Stage, Transition;610262961133;www.comcons.org.au;admin@comcons.org.au;Kambah Professional Centre, Unit 6/21 Jenke Circuit, KAMBAH, ACT, 2902
;;Development-Life Skills;610262961133;www.comcons.org.au;admin@comcons.org.au;Kambah Professional Centre, Unit 6/21 Jenke Circuit, KAMBAH, ACT, 2902
;;Plan Management;610262961133;www.comcons.org.au;admin@comcons.org.au;Kambah Professional Centre, Unit 6/21 Jenke Circuit, KAMBAH, ACT, 2902
Community Options Incorporated;PHILLIP;Accommodation/Tenancy;610262958800;www.communityoptions.com.au;admin@communityoptions.com.au;Block E CIT Woden Campus, 160 Ainsworth Street, PHILLIP, ACT, 2606
;;Assess-Skill, Ability, Needs;610262958800;www.communityoptions.com.au;admin@communityoptions.com.au;Block E CIT Woden Campus, 160 Ainsworth Street, PHILLIP, ACT, 2606
;;Assist Access/Maintain Employ;610262958800;www.communityoptions.com.au;admin@communityoptions.com.au;Block E CIT Woden Campus, 160 Ainsworth Street, PHILLIP, ACT, 2606
;;Assist-Integrate School/Ed;610262958800;www.communityoptions.com.au;admin@communityoptions.com.au;Block E CIT Woden Campus, 160 Ainsworth Street, PHILLIP, ACT, 2606
;;Assist-Life Stage, Transition;610262958800;www.communityoptions.com.au;admin@communityoptions.com.au;Block E CIT Woden Campus, 160 Ainsworth Street, PHILLIP, ACT, 2606
;;Assist-Personal Activities;610262958800;www.communityoptions.com.au;admin@communityoptions.com.au;Block E CIT Woden Campus, 160 Ainsworth Street, PHILLIP, ACT, 2606
;;Assist-Travel/Transport;610262958800;www.communityoptions.com.au;admin@communityoptions.com.au;Block E CIT Woden Campus, 160 Ainsworth Street, PHILLIP, ACT, 2606
;;Behaviour Support;610262958800;www.communityoptions.com.au;admin@communityoptions.com.au;Block E CIT Woden Campus, 160 Ainsworth Street, PHILLIP, ACT, 2606
;;Development-Life Skills;610262958800;www.communityoptions.com.au;admin@communityoptions.com.au;Block E CIT Woden Campus, 160 Ainsworth Street, PHILLIP, ACT, 2606
;;Early Childhood Supports;610262958800;www.communityoptions.com.au;admin@communityoptions.com.au;Block E CIT Woden Campus, 160 Ainsworth Street, PHILLIP, ACT, 2606
;;Equipment Special Assess Setup;610262958800;www.communityoptions.com.au;admin@communityoptions.com.au;Block E CIT Woden Campus, 160 Ainsworth Street, PHILLIP, ACT, 2606
;;Home Modification;610262958800;www.communityoptions.com.au;admin@communityoptions.com.au;Block E CIT Woden Campus, 160 Ainsworth Street, PHILLIP, ACT, 2606
;;Household Tasks;610262958800;www.communityoptions.com.au;admin@communityoptions.com.au;Block E CIT Woden Campus, 160 Ainsworth Street, PHILLIP, ACT, 2606
;;Participate Community;610262958800;www.communityoptions.com.au;admin@communityoptions.com.au;Block E CIT Woden Campus, 160 Ainsworth Street, PHILLIP, ACT, 2606
;;Physical Wellbeing;610262958800;www.communityoptions.com.au;admin@communityoptions.com.au;Block E CIT Woden Campus, 160 Ainsworth Street, PHILLIP, ACT, 2606
;;Plan Management;610262958800;www.communityoptions.com.au;admin@communityoptions.com.au;Block E CIT Woden Campus, 160 Ainsworth Street, PHILLIP, ACT, 2606
;;Training-Travel Independence;610262958800;www.communityoptions.com.au;admin@communityoptions.com.au;Block E CIT Woden Campus, 160 Ainsworth Street, PHILLIP, ACT, 2606
Community Programs Association Inc;CANBERRA CITY;Assist Access/Maintain Employ;610262577088;www.lead.asn.au;info@lead.asn.au;Level 5 8 HOBART PL, CANBERRA CITY, ACT, 2601
;;Assist-Integrate School/Ed;610262577088;www.lead.asn.au;info@lead.asn.au;Level 5 8 HOBART PL, CANBERRA CITY, ACT, 2601
;;Assist-Life Stage, Transition;610262577088;www.lead.asn.au;info@lead.asn.au;Level 5 8 HOBART PL, CANBERRA CITY, ACT, 2601
;;Development-Life Skills;610262577088;www.lead.asn.au;info@lead.asn.au;Level 5 8 HOBART PL, CANBERRA CITY, ACT, 2601
Community Services Directorate;CANBERRA CITY;;610262075111;www.communityservices.act.gov.au;csd@act.gov.au;Level 8, 11 Moore Street, 11 Moore St, CANBERRA CITY, ACT, 2601
;;;;www.communityservices.act.gov.au/ocyfs;csd@act.gov.au;Level 8, 11 Moore Street, 11 Moore Street, CANBERRA CITY, ACT, 2601
;;Accommodation/Tenancy;610262075111;http://www.communityservices.act.gov.au/hcs;csd@act.gov.au;Level 8, 11 Moore Street, 11 Moore Street, CANBERRA CITY, ACT, 2601
;;Assess-Skill, Ability, Needs;"+610262075111
(00) 0000 0000";www.communityservices.act.gov.au;csd@act.gov.au;Level 8, 11 Moore Street, 11 Moore Street, CANBERRA CITY, ACT, 2601
;;Assist-Personal Activities;"+610262071086
(00) 0000 0000";www.communityservices.act.gov.au;csd@act.gov.au;Level 8, 11 Moore Street, 11 Moore Street, CANBERRA CITY, ACT, 2601
;;Assist-Travel/Transport;+610262071086(00) 0000 0000;www.communityservices.act.gov.au;csd@act.gov.au;Level 8, 11 Moore Street, 11 Moore Street, CANBERRA CITY, ACT, 2601
;;Behaviour Support;"+610262075111
(00) 0000 0000";www.communityservices.act.gov.au;csd@act.gov.au;Level 8, 11 Moore Street, 11 Moore Street, CANBERRA CITY, ACT, 2601
;;Daily Tasks/Shared Living;"+610262071086
(00) 0000 0000";www.communityservices.act.gov.au;csd@act.gov.au;Level 8, 11 Moore Street, 11 Moore Street, CANBERRA CITY, ACT, 2601
;;Early Childhood Supports;"+610262075111
(00) 0000 0000";www.communityservices.act.gov.au;csd@act.gov.au;Level 8, 11 Moore Street, 11 Moore Street, CANBERRA CITY, ACT, 2601
;;Equipment Special Assess Setup;+610262075111(00) 0000 0000;www.communityservices.act.gov.au;csd@act.gov.au;Level 8, 11 Moore Street, 11 Moore Street, CANBERRA CITY, ACT, 2601
;;Therapeutic Supports;610262075111;http://www.communityservices.act.gov.au/hcs;csd@act.gov.au;Level 8, 11 Moore Street, 11 Moore Street, CANBERRA CITY, ACT, 2601
;;;"+610262075111
(00) 0000 0000";www.communityservices.act.gov.au;csd@act.gov.au;Level 8, 11 Moore Street, 11 Moore Street, CANBERRA CITY, ACT, 2601
Connor, Pamela;BELCONNEN;;610417452365;www.pamconnor.com;pam.connor@bigpond.com;Unit 5 A, 55 Lathlain Street, BELCONNEN, ACT, 2616
Cooper,Toni;CHARNWOOD;;610422061978;;tonicooper109@gmail.com;10 Warland Place, CHARNWOOD, ACT, 2615
D.R Jordan & T.N Le & M.K Tsui;LYNEHAM;;610262477004;www.capitalchemist.com.au;lyneham@capitalchemist.com.au;Lyneham Capital Chemist, Wattle Street, LYNEHAM, ACT, 2602
Darryl's Den Inc.;HOLT;Development-Life Skills;610261562358;www.darrylsden.org;darrylsden@optusnet.com.au;Holt Community Hub, 80 beaurepaire crs, HOLT, ACT, 2615
;;Participate Community;610261562358;www.darrylsden.org;darrylsden@optusnet.com.au;Holt Community Hub, 80 beaurepaire crs, HOLT, ACT, 2615
;;Physical Wellbeing;610261562358;www.darrylsden.org;darrylsden@optusnet.com.au;Holt Community Hub, 80 beaurepaire crs, HOLT, ACT, 2615
De Kantzow, Sophie Louise;WARAMANGA;Assess-Skill, Ability, Needs;610408081114;;sophie.dekantzow@westnet.com.au;1 Burara Cres, WARAMANGA, ACT, 2611
;;Early Childhood Supports;610408081114;;sophie.dekantzow@westnet.com.au;1 Burara Cres, WARAMANGA, ACT, 2611
;;Equipment Special Assess Setup;610408081114;;sophie.dekantzow@westnet.com.au;1 Burara Cres, WARAMANGA, ACT, 2611
;;Therapeutic Supports;610408081114;;sophie.dekantzow@westnet.com.au;1 Burara Cres, WARAMANGA, ACT, 2611
Disability Services Australia Limited;CONDELL PARK;Assist-Travel/Transport;;;;76 Harley Cresent, CONDELL PARK, NSW, 2200
;;Household Tasks;;;;76 Harley Cresent, CONDELL PARK, NSW, 2200
Dr Eliza Ahmed;GUNGAHLIN;Therapeutic Supports;;;;Suite 2J, Level 1, 46-50 Hibberson Street, GUNGAHLIN, ACT, 2912
Drake Australia Pty Ltd;CANBERRA CITY;Assist-Personal Activities;;;;Level 5, 60 Marcus Clark Street, CANBERRA CITY, ACT, 2601
;;Assist-Travel/Transport;;;;Level 5, 60 Marcus Clark Street, CANBERRA CITY, ACT, 2601
;;Development-Life Skills;;;;Level 5, 60 Marcus Clark Street, CANBERRA CITY, ACT, 2601
;;Participate Community;;;;Level 5, 60 Marcus Clark Street, CANBERRA CITY, ACT, 2601
DUO Services Australia Ltd;GRIFFITH;Accommodation/Tenancy;;www.duo.org.au;;25 Blaxland Crescent, GRIFFITH, ACT, 2603
;;Assist-Integrate School/Ed;;www.duo.org.au;;25 Blaxland Crescent, GRIFFITH, ACT, 2603
;;Assist-Life Stage, Transition;;www.duo.org.au;;25 Blaxland Crescent, GRIFFITH, ACT, 2603
;;Assist-Personal Activities;;www.duo.org.au;;25 Blaxland Crescent, GRIFFITH, ACT, 2603
;;Assist-Travel/Transport;;www.duo.org.au;;25 Blaxland Crescent, GRIFFITH, ACT, 2603
;;Behaviour Support;;www.duo.org.au;;25 Blaxland Crescent, GRIFFITH, ACT, 2603
;;Daily Tasks/Shared Living;;www.duo.org.au;;25 Blaxland Crescent, GRIFFITH, ACT, 2603
;;Development-Life Skills;;www.duo.org.au;;25 Blaxland Crescent, GRIFFITH, ACT, 2603
;;Early Childhood Supports;;www.duo.org.au;;25 Blaxland Crescent, GRIFFITH, ACT, 2603
;;Home Modification;;www.duo.org.au;;25 Blaxland Crescent, GRIFFITH, ACT, 2603
;;Household Tasks;;www.duo.org.au;;25 Blaxland Crescent, GRIFFITH, ACT, 2603
;;Participate Community;;www.duo.org.au;;25 Blaxland Crescent, GRIFFITH, ACT, 2603
;;Physical Wellbeing;;www.duo.org.au;;25 Blaxland Crescent, GRIFFITH, ACT, 2603
;;Training-Travel Independence;;www.duo.org.au;;25 Blaxland Crescent, GRIFFITH, ACT, 2603
EACH;BAYSWATER;Assist Prod-Pers Care/Safety;;;;Building 2, 254 Canterbury Road, BAYSWATER, VIC, 3153
;;Early Childhood Supports;;;;Building 2, 254 Canterbury Road, BAYSWATER, VIC, 3153
;;Equipment Special Assess Setup;;;;Building 2, 254 Canterbury Road, BAYSWATER, VIC, 3153
;;Interpret/Translate;;;;Building 2, 254 Canterbury Road, BAYSWATER, VIC, 3153
;;Personal Mobility Equipment;;;;Building 2, 254 Canterbury Road, BAYSWATER, VIC, 3153
;;Therapeutic Supports;;;;Building 2, 254 Canterbury Road, BAYSWATER, VIC, 3153
;;Vision Equipment;;;;Building 2, 254 Canterbury Road, BAYSWATER, VIC, 3153
Elizabeth Jane Challis;CANBERRA;;"+610261545620
(00) 00000000";www.familiesinmind.com.au;lchallis@familiesinmind.com.au;Suite 12, Level 3, 28 University Avenue, CANBERRA, ACT, 2601
Elmitt, Michelle Anne;WANNIASSA;Assess-Skill, Ability, Needs;;;;79 Sullivan Crescent, WANNIASSA, ACT, 2903
;;Early Childhood Supports;;;;79 Sullivan Crescent, WANNIASSA, ACT, 2903
;;Therapeutic Supports;;;;79 Sullivan Crescent, WANNIASSA, ACT, 2903
Embleton, Jenni Frances;KAMBAH;Assess-Skill, Ability, Needs;610423129199;www.embletonspeech.com.au;jenni@embletonspeech.com.au;Kambah Professional Centre, 21 Jenke Cct, KAMBAH, ACT, 2902
;;Early Childhood Supports;610423129199;www.embletonspeech.com.au;jenni@embletonspeech.com.au;Kambah Professional Centre, 21 Jenke Cct, KAMBAH, ACT, 2902
;;Equipment Special Assess Setup;610423129199;www.embletonspeech.com.au;jenni@embletonspeech.com.au;Kambah Professional Centre, 21 Jenke Cct, KAMBAH, ACT, 2902
;;Therapeutic Supports;610423129199;www.embletonspeech.com.au;jenni@embletonspeech.com.au;Kambah Professional Centre, 21 Jenke Cct, KAMBAH, ACT, 2902
Encompass Community Services Incorporated;GEELONG;;610352223377;www.encompass-cs.org.au;info@encompass-cs.org.au;400 Pakington Street, GEELONG, VIC, 3220
Endeavour Foundation;CANNON HILL;Accommodation/Tenancy;;;;1/50 Southgate Ave, CANNON HILL, QLD, 4170
;;Assist-Travel/Transport;;;;1/50 Southgate Ave, CANNON HILL, QLD, 4170
Exclr8 Transport PTY LTD;CHISHOLM;;610488029529;www.manvanmower.com.au;excrl8manvanandmower@hotmail.com;25 Durham Place, CHISHOLM, ACT, 2905
F S Russell & J P Russell;CALWELL;;610417775266;http://www.jimscleaning.net.au/franchisee- locations/jims-cleaning-canberra-kingston;philip.r@jimscleaning.net.au;7 Bourchier Close, CALWELL, ACT, 2905
Ferguson, Shirley;LYNEHAM;;;;;4 Baines Place, LYNEHAM, ACT, 2602
Focus ACT Inc.;DEAKIN;Accommodation/Tenancy;610262829422;http://focusact.org/;focus@focusact.org;Ground Floor Stephen House, 32 Thesiger Court, DEAKIN, ACT, 2600
;;Assist-Life Stage, Transition;610262829422;http://focusact.org/;focus@focusact.org;Ground Floor Stephen House, 32 Thesiger Court, DEAKIN, ACT, 2600
;;Assist-Personal Activities;610262829422;http://focusact.org/;focus@focusact.org;Ground Floor Stephen House, 32 Thesiger Court, DEAKIN, ACT, 2600
;;Assist-Travel/Transport;610262829422;http://focusact.org/;focus@focusact.org;Ground Floor Stephen House, 32 Thesiger Court, DEAKIN, ACT, 2600
;;Daily Tasks/Shared Living;610262829422;http://focusact.org/;focus@focusact.org;Ground Floor Stephen House, 32 Thesiger Court, DEAKIN, ACT, 2600
;;Development-Life Skills;610262829422;http://focusact.org/;focus@focusact.org;Ground Floor Stephen House, 32 Thesiger Court, DEAKIN, ACT, 2600
;;Household Tasks;610262829422;http://focusact.org/;focus@focusact.org;Ground Floor Stephen House, 32 Thesiger Court, DEAKIN, ACT, 2600
;;Participate Community;610262829422;http://focusact.org/;focus@focusact.org;Ground Floor Stephen House, 32 Thesiger Court, DEAKIN, ACT, 2600
;;Training-Travel Independence;610262829422;http://focusact.org/;focus@focusact.org;Ground Floor Stephen House, 32 Thesiger Court, DEAKIN, ACT, 2600
Geejaygee Pty Limited;CURTIN;Household Tasks;610262825255;;admin@allsuburbscleaning.com.au;15 Theodore Street, CURTIN, ACT, 2605
Greyling, Jacques;MACGREGOR;Home Modification;610416107975;WWW.HAPTIC-DESIGN.COM.AU;INFO@HAPTIC-DESIGN.COM.AU;6 Bennie Street, MACGREGOR, ACT, 2615
Guardian Mobility Pty Ltd;WARAMANGA;Assist Prod-Pers Care/Safety;"+610262883538
(00) 00000000";www.guardianmobility.com.au;info@guardianmobility.com.au;ADDRESS CONFIDENTIAL
;;Assistive Equip-Recreation;+610262883538(00) 00000000;www.guardianmobility.com.au;info@guardianmobility.com.au;ADDRESS CONFIDENTIAL
;;Assistive Prod-Household Task;+610262883538(00) 00000000;www.guardianmobility.com.au;info@guardianmobility.com.au;ADDRESS CONFIDENTIAL
;;Personal Mobility Equipment;+610262883538(00) 00000000;www.guardianmobility.com.au;info@guardianmobility.com.au;ADDRESS CONFIDENTIAL
Guide Dogs NSW/ACT;DEAKIN;Assess-Skill, Ability, Needs;;;;Suite 4, Munggra-Iri House, 18 Napier Close, DEAKIN, ACT, 2600
;;Assist Access/Maintain Employ;;;;Suite 4, Munggra-Iri House, 18 Napier Close, DEAKIN, ACT, 2600
;;Assist-Integrate School/Ed;;;;Suite 4, Munggra-Iri House, 18 Napier Close, DEAKIN, ACT, 2600
;;Assistive Equip-Recreation;;;;Suite 4, Munggra-Iri House, 18 Napier Close, DEAKIN, ACT, 2600
;;Assistive Prod-Household Task;;;;Suite 4, Munggra-Iri House, 18 Napier Close, DEAKIN, ACT, 2600
;;Assist-Life Stage, Transition;;;;Suite 4, Munggra-Iri House, 18 Napier Close, DEAKIN, ACT, 2600
;;Comms & Info Equipment;;;;Suite 4, Munggra-Iri House, 18 Napier Close, DEAKIN, ACT, 2600
;;Development-Life Skills;;;;Suite 4, Munggra-Iri House, 18 Napier Close, DEAKIN, ACT, 2600
;;Early Childhood Supports;;;;Suite 4, Munggra-Iri House, 18 Napier Close, DEAKIN, ACT, 2600
;;Equipment Special Assess Setup;;;;Suite 4, Munggra-Iri House, 18 Napier Close, DEAKIN, ACT, 2600
;;Other Innovative Supports;;;;Suite 4, Munggra-Iri House, 18 Napier Close, DEAKIN, ACT, 2600
;;Participate Community;;;;Suite 4, Munggra-Iri House, 18 Napier Close, DEAKIN, ACT, 2600
;;Therapeutic Supports;;;;Suite 4, Munggra-Iri House, 18 Napier Close, DEAKIN, ACT, 2600
;;Training-Travel Independence;;;;Suite 4, Munggra-Iri House, 18 Napier Close, DEAKIN, ACT, 2600
;;Vision Equipment;;;;Suite 4, Munggra-Iri House, 18 Napier Close, DEAKIN, ACT, 2600
Hanley, Leah;CAMPBELL;Assess-Skill, Ability, Needs;"+610405106397
00 00000000";;canberraspeech@icloud.com;ADDRESS CONFIDENTIAL
;;Early Childhood Supports;+6104051063970 0 00000000;;canberraspeech@icloud.com;ADDRESS CONFIDENTIAL
;;Therapeutic Supports;+6104051063970 0 00000000;;canberraspeech@icloud.com;ADDRESS CONFIDENTIAL
Hartley Lifecare Incorporated;PEARCE;Accommodation/Tenancy;610262824411;;;6 Hodgson Place, PEARCE, ACT, 2607
;;Assist Access/Maintain Employ;610262824411;;;6 Hodgson Place, PEARCE, ACT, 2607
;;Assist-Integrate School/Ed;610262824411;;;6 Hodgson Place, PEARCE, ACT, 2607
;;Assistive Prod-Household Task;610262824411;;;6 Hodgson Place, PEARCE, ACT, 2607
;;Assist-Life Stage, Transition;610262824411;;;6 Hodgson Place, PEARCE, ACT, 2607
;;Assist-Personal Activities;610262824411;;;6 Hodgson Place, PEARCE, ACT, 2607
;;Assist-Travel/Transport;610262824411;;;6 Hodgson Place, PEARCE, ACT, 2607
;;Behaviour Support;610262824411;;;6 Hodgson Place, PEARCE, ACT, 2607
;;Community Nursing Care;610262824411;;;6 Hodgson Place, PEARCE, ACT, 2607
;;Daily Tasks/Shared Living;610262824411;;;6 Hodgson Place, PEARCE, ACT, 2607
;;Development-Life Skills;610262824411;;;6 Hodgson Place, PEARCE, ACT, 2607
;;Household Tasks;610262824411;;;6 Hodgson Place, PEARCE, ACT, 2607
;;Participate Community;610262824411;;;6 Hodgson Place, PEARCE, ACT, 2607
;;Physical Wellbeing;610262824411;;;6 Hodgson Place, PEARCE, ACT, 2607
;;Plan Management;610262824411;;;6 Hodgson Place, PEARCE, ACT, 2607
;;Training-Travel Independence;610262824411;;;6 Hodgson Place, PEARCE, ACT, 2607
Headspace Clinic Pty Ltd;CHIFLEY;Assess-Skill, Ability, Needs;610261620450;www.neurospace.com.au;;Unit 8, 70 MacLaurin Cres, CHIFLEY, ACT, 2606
;;Early Childhood Supports;610261620450;www.neurospace.com.au;;Unit 8, 70 MacLaurin Cres, CHIFLEY, ACT, 2606
;;Equipment Special Assess Setup;610261620450;www.neurospace.com.au;;Unit 8, 70 MacLaurin Cres, CHIFLEY, ACT, 2606
;;Physical Wellbeing;610261620450;www.neurospace.com.au;;Unit 8, 70 MacLaurin Cres, CHIFLEY, ACT, 2606
;;Therapeutic Supports;610261620450;www.neurospace.com.au;;Unit 8, 70 MacLaurin Cres, CHIFLEY, ACT, 2606
Health Directorate;CANBERRA;Assess-Skill, Ability, Needs;610262079977;www.health.act.gov.au;health@act.gov.au;1 Moore Street, CANBERRA, ACT, 2600
;;Assist Access/Maintain Employ;610262079977;www.health.act.gov.au;health@act.gov.au;1 Moore Street, CANBERRA, ACT, 2600
;;Assistive Equip-Recreation;610262079977;www.health.act.gov.au;health@act.gov.au;1 Moore Street, CANBERRA, ACT, 2600
;;Assist-Personal Activities;610262079977;www.health.act.gov.au;health@act.gov.au;1 Moore Street, CANBERRA, ACT, 2600
;;Behaviour Support;610262079977;www.health.act.gov.au;health@act.gov.au;1 Moore Street, CANBERRA, ACT, 2600
;;Community Nursing Care;610262079977;www.health.act.gov.au;health@act.gov.au;1 Moore Street, CANBERRA, ACT, 2600
;;Daily Tasks/Shared Living;610262079977;www.health.act.gov.au;health@act.gov.au;1 Moore Street, CANBERRA, ACT, 2600
;;Equipment Special Assess Setup;610262079977;www.health.act.gov.au;health@act.gov.au;1 Moore Street, CANBERRA, ACT, 2600
;;Personal Mobility Equipment;610262079977;www.health.act.gov.au;health@act.gov.au;1 Moore Street, CANBERRA, ACT, 2600
;;Therapeutic Supports;610262079977;www.health.act.gov.au;health@act.gov.au;1 Moore Street, CANBERRA, ACT, 2600
;;Training-Travel Independence;610262079977;www.health.act.gov.au;health@act.gov.au;1 Moore Street, CANBERRA, ACT, 2600
Healthcall Pty Ltd ATF The Healthcall Unit Trust;PYMBLE;Assist-Personal Activities;;;;971 Pacific Highway, PYMBLE, NSW, 2073
;;Household Tasks;;;;971 Pacific Highway, PYMBLE, NSW, 2073
;;Participate Community;;;;971 Pacific Highway, PYMBLE, NSW, 2073
Holloway, Carolyn Maree;CHARNWOOD;Early Childhood Supports;"+610400887766
0000 000 000";www.carolynholloway.com;caz.holloway@icloud.com;18 Neeld Place, CHARNWOOD, ACT, 2615
Hore, Andrew Roger;GOWRIE;;610408413503;www.FunnyworksOz.com;funnyworksoz@gmail.com;4 Mackey Place, GOWRIE, ACT, 2904
House with No Steps;BELCONNEN;Accommodation/Tenancy;;;arichardson@hwns.com.au;60-62 Oatley Court, BELCONNEN, ACT, 2617
;;Assess-Skill, Ability, Needs;;;arichardson@hwns.com.au;60-62 Oatley Court, BELCONNEN, ACT, 2617
;;Assist Access/Maintain Employ;;;arichardson@hwns.com.au;60-62 Oatley Court, BELCONNEN, ACT, 2617
;;Assist-Integrate School/Ed;;;arichardson@hwns.com.au;60-62 Oatley Court, BELCONNEN, ACT, 2617
;;Assist-Life Stage, Transition;;;arichardson@hwns.com.au;60-62 Oatley Court, BELCONNEN, ACT, 2617
;;Assist-Personal Activities;;;arichardson@hwns.com.au;60-62 Oatley Court, BELCONNEN, ACT, 2617
;;Assist-Travel/Transport;;;arichardson@hwns.com.au;60-62 Oatley Court, BELCONNEN, ACT, 2617
;;Behaviour Support;;;arichardson@hwns.com.au;60-62 Oatley Court, BELCONNEN, ACT, 2617
;;Daily Tasks/Shared Living;;;arichardson@hwns.com.au;60-62 Oatley Court, BELCONNEN, ACT, 2617
;;Development-Life Skills;;;arichardson@hwns.com.au;60-62 Oatley Court, BELCONNEN, ACT, 2617
;;Early Childhood Supports;;;arichardson@hwns.com.au;60-62 Oatley Court, BELCONNEN, ACT, 2617
;;Equipment Special Assess Setup;;;arichardson@hwns.com.au;60-62 Oatley Court, BELCONNEN, ACT, 2617
;;Household Tasks;;;arichardson@hwns.com.au;60-62 Oatley Court, BELCONNEN, ACT, 2617
;;Participate Community;;;arichardson@hwns.com.au;60-62 Oatley Court, BELCONNEN, ACT, 2617
;;Physical Wellbeing;;;arichardson@hwns.com.au;60-62 Oatley Court, BELCONNEN, ACT, 2617
;;Plan Management;;;arichardson@hwns.com.au;60-62 Oatley Court, BELCONNEN, ACT, 2617
;;Therapeutic Supports;;;arichardson@hwns.com.au;60-62 Oatley Court, BELCONNEN, ACT, 2617
;;Training-Travel Independence;;;arichardson@hwns.com.au;60-62 Oatley Court, BELCONNEN, ACT, 2617
Hurman, Catherine Ann;OXLEY;Assess-Skill, Ability, Needs;"+610412066177
0000 000 000";;cathyhurmanconsulting@gmail.com;7 Dalgarno Close, OXLEY, ACT, 2903
;;Early Childhood Supports;+6104120661770 000 000 000;;cathyhurmanconsulting@gmail.com;7 Dalgarno Close, OXLEY, ACT, 2903
;;Equipment Special Assess Setup;+6104120661770 000 000 000;;cathyhurmanconsulting@gmail.com;7 Dalgarno Close, OXLEY, ACT, 2903
;;Therapeutic Supports;+6104120661770 000 000 000;;cathyhurmanconsulting@gmail.com;7 Dalgarno Close, OXLEY, ACT, 2903
Illawarra Disability Trust;WESTON;Accommodation/Tenancy;"+610262329440
(00) 0000 0000";www.disabilitytrust.org.au;lee-anne.rogers@disabilitytrust.org.au;Weston Community Hub, 6 Gritten Street, WESTON, ACT, 2611
;;Assist Access/Maintain Employ;+610262329440(00) 0000 0000;www.disabilitytrust.org.au;lee-anne.rogers@disabilitytrust.org.au;Weston Community Hub, 6 Gritten Street, WESTON, ACT, 2611
;;Assist-Life Stage, Transition;+610262329440(00) 0000 0000;www.disabilitytrust.org.au;lee-anne.rogers@disabilitytrust.org.au;Weston Community Hub, 6 Gritten Street, WESTON, ACT, 2611
;;Assist-Personal Activities;+610262329440(00) 0000 0000;www.disabilitytrust.org.au;lee-anne.rogers@disabilitytrust.org.au;Weston Community Hub, 6 Gritten Street, WESTON, ACT, 2611
;;Assist-Travel/Transport;+610262329440(00) 0000 0000;www.disabilitytrust.org.au;lee-anne.rogers@disabilitytrust.org.au;Weston Community Hub, 6 Gritten Street, WESTON, ACT, 2611
;;Behaviour Support;+610262329440(00) 0000 0000;www.disabilitytrust.org.au;lee-anne.rogers@disabilitytrust.org.au;Weston Community Hub, 6 Gritten Street, WESTON, ACT, 2611
;;Daily Tasks/Shared Living;+610262329440(00) 0000 0000;www.disabilitytrust.org.au;lee-anne.rogers@disabilitytrust.org.au;Weston Community Hub, 6 Gritten Street, WESTON, ACT, 2611
;;Development-Life Skills;+610262329440(00) 0000 0000;www.disabilitytrust.org.au;lee-anne.rogers@disabilitytrust.org.au;Weston Community Hub, 6 Gritten Street, WESTON, ACT, 2611
;;Household Tasks;+610262329440(00) 0000 0000;www.disabilitytrust.org.au;lee-anne.rogers@disabilitytrust.org.au;Weston Community Hub, 6 Gritten Street, WESTON, ACT, 2611
;;Participate Community;+610262329440(00) 0000 0000;www.disabilitytrust.org.au;lee-anne.rogers@disabilitytrust.org.au;Weston Community Hub, 6 Gritten Street, WESTON, ACT, 2611
;;Physical Wellbeing;+610262329440(00) 0000 0000;www.disabilitytrust.org.au;lee-anne.rogers@disabilitytrust.org.au;Weston Community Hub, 6 Gritten Street, WESTON, ACT, 2611
;;Therapeutic Supports;+610262329440(00) 0000 0000;www.disabilitytrust.org.au;lee-anne.rogers@disabilitytrust.org.au;Weston Community Hub, 6 Gritten Street, WESTON, ACT, 2611
;;Training-Travel Independence;+610262329440(00) 0000 0000;www.disabilitytrust.org.au;lee-anne.rogers@disabilitytrust.org.au;Weston Community Hub, 6 Gritten Street, WESTON, ACT, 2611
Inanna Incorporated;MITCHELL;Accommodation/Tenancy;;www.inanna.org.au;info@inanna.org.au;Unit 6, 189 Flemington Road, MITCHELL, ACT, 2911
;;Assist Access/Maintain Employ;;www.inanna.org.au;info@inanna.org.au;Unit 6, 189 Flemington Road, MITCHELL, ACT, 2911
;;Assist-Integrate School/Ed;;www.inanna.org.au;info@inanna.org.au;Unit 6, 189 Flemington Road, MITCHELL, ACT, 2911
;;Assist-Life Stage, Transition;;www.inanna.org.au;info@inanna.org.au;Unit 6, 189 Flemington Road, MITCHELL, ACT, 2911
;;Assist-Personal Activities;;www.inanna.org.au;info@inanna.org.au;Unit 6, 189 Flemington Road, MITCHELL, ACT, 2911
;;Assist-Travel/Transport;;www.inanna.org.au;info@inanna.org.au;Unit 6, 189 Flemington Road, MITCHELL, ACT, 2911
;;Behaviour Support;;www.inanna.org.au;info@inanna.org.au;Unit 6, 189 Flemington Road, MITCHELL, ACT, 2911
;;Daily Tasks/Shared Living;;www.inanna.org.au;info@inanna.org.au;Unit 6, 189 Flemington Road, MITCHELL, ACT, 2911
;;Development-Life Skills;;www.inanna.org.au;info@inanna.org.au;Unit 6, 189 Flemington Road, MITCHELL, ACT, 2911
;;Household Tasks;;www.inanna.org.au;info@inanna.org.au;Unit 6, 189 Flemington Road, MITCHELL, ACT, 2911
;;Participate Community;;www.inanna.org.au;info@inanna.org.au;Unit 6, 189 Flemington Road, MITCHELL, ACT, 2911
;;Physical Wellbeing;;www.inanna.org.au;info@inanna.org.au;Unit 6, 189 Flemington Road, MITCHELL, ACT, 2911
;;Plan Management;;www.inanna.org.au;info@inanna.org.au;Unit 6, 189 Flemington Road, MITCHELL, ACT, 2911
;;Training-Travel Independence;;www.inanna.org.au;info@inanna.org.au;Unit 6, 189 Flemington Road, MITCHELL, ACT, 2911
Indigo Summit Pty Ltd;DEAKIN;Assess-Skill, Ability, Needs;"+610262812311
(00) 0000 0000";www.hearingandspeech.com.au;info@hearingandspeech.com.au;Suite 4, Equinox 1, 70 Kent Street, DEAKIN, TAS, 2600
;;Early Childhood Supports;+610262812311(00) 0000 0000;www.hearingandspeech.com.au;info@hearingandspeech.com.au;Suite 4, Equinox 1, 70 Kent Street, DEAKIN, TAS, 2600
;;Hearing Equipment;+610262812311(00) 0000 0000;www.hearingandspeech.com.au;info@hearingandspeech.com.au;Suite 4, Equinox 1, 70 Kent Street, DEAKIN, TAS, 2600
;;Therapeutic Supports;+610262812311(00) 0000 0000;www.hearingandspeech.com.au;info@hearingandspeech.com.au;Suite 4, Equinox 1, 70 Kent Street, DEAKIN, TAS, 2600
IndyTech Pty Ltd;HADFIELD;;;;;ADDRESS CONFIDENTIAL
Ip, Ka Yan Karen;HAWKER;Assess-Skill, Ability, Needs;610262783287;www.canberraspeech.com.au;kipspeechclinic@gmail.com;66 Springvale Drive, HAWKER, ACT, 2614
;;Early Childhood Supports;610262783287;www.canberraspeech.com.au;kipspeechclinic@gmail.com;66 Springvale Drive, HAWKER, ACT, 2614
;;Therapeutic Supports;610262783287;www.canberraspeech.com.au;kipspeechclinic@gmail.com;66 Springvale Drive, HAWKER, ACT, 2614
Isaacson, Antonia Kristin Angela;YARRALUMLA;;;;;16 Banks Street, YARRALUMLA, ACT, 2600
J.M Houghton & G.M McInerney & M Quade & M Quade;KAMBAH;;610434626456;;jenna.houghton@live.com;26 Ragless Cresent, KAMBAH, ACT, 2902
Jean-Seymour, Carmel;O'CONNOR;Behaviour Support;610432905674;;seymourpsychology@yahoo.com.au;4 Macarthur Ave, O'CONNOR, ACT, 2602
;;Early Childhood Supports;610432905674;;seymourpsychology@yahoo.com.au;4 Macarthur Ave, O'CONNOR, ACT, 2602
;;Therapeutic Supports;610432905674;;seymourpsychology@yahoo.com.au;4 Macarthur Ave, O'CONNOR, ACT, 2602
K Hunt & C Rawstron;NICHOLLS;;610439464326;www.rawandmoore.com;enquiries@rawandmoore.com;19 Whitfield Circuit, NICHOLLS, ACT, 2913
Karralika Programs Incorporated;PHILLIP;;"+610261630200
(00) 00000000";www.karralika.org.au;info@karralika.org.au;E Block. Cit Southern Campus, Ainsworth St, PHILLIP, ACT, 2606
Katharina Senger;WARAMANGA;Assess-Skill, Ability, Needs;610421431868;www.littlehandsOT.com.au;info@littlehandsOT.com.au;44B Badimara Street, WARAMANGA, ACT, 2611
;;Early Childhood Supports;610421431868;www.littlehandsOT.com.au;info@littlehandsOT.com.au;44B Badimara Street, WARAMANGA, ACT, 2611
;;Equipment Special Assess Setup;610421431868;www.littlehandsOT.com.au;info@littlehandsOT.com.au;44B Badimara Street, WARAMANGA, ACT, 2611
;;Home Modification;610421431868;www.littlehandsOT.com.au;info@littlehandsOT.com.au;44B Badimara Street, WARAMANGA, ACT, 2611
;;Therapeutic Supports;610421431868;www.littlehandsOT.com.au;info@littlehandsOT.com.au;44B Badimara Street, WARAMANGA, ACT, 2611
Kelly Ann Mallinder;WATSON;Assess-Skill, Ability, Needs;610409654005;www.horizonoccupationaltherapy.com;horizon.therapy@outlook.com;D Block, 49 Phillip Avenue, WATSON, ACT, 2602
;;Behaviour Support;610409654005;www.horizonoccupationaltherapy.com;horizon.therapy@outlook.com;D Block, 49 Phillip Avenue, WATSON, ACT, 2602
;;Early Childhood Supports;610409654005;www.horizonoccupationaltherapy.com;horizon.therapy@outlook.com;D Block, 49 Phillip Avenue, WATSON, ACT, 2602
;;Equipment Special Assess Setup;610409654005;www.horizonoccupationaltherapy.com;horizon.therapy@outlook.com;D Block, 49 Phillip Avenue, WATSON, ACT, 2602
;;Therapeutic Supports;610409654005;www.horizonoccupationaltherapy.com;horizon.therapy@outlook.com;D Block, 49 Phillip Avenue, WATSON, ACT, 2602
KinCare Health Services Pty Ltd;DEAKIN;Assist-Life Stage, Transition;;;;Suite 1, 17 Napier Close, DEAKIN, ACT, 2600
Kirinari Community Services Ltd;WODONGA;;610260562111;www.kirinari.com.au;vicki.hassell@kirinari.com.au;ADDRESS CONFIDENTIAL
Koomarri;PHILLIP;Accommodation/Tenancy;610262806143;www.koomarri.asn.au;Nstephen@koomarri.asn.au;25 Launceston Street, PHILLIP, ACT, 2606
;;Assist Access/Maintain Employ;610262806143;www.koomarri.asn.au;Nstephen@koomarri.asn.au;25 Launceston Street, PHILLIP, ACT, 2606
;;Assist-Integrate School/Ed;610262806143;www.koomarri.asn.au;Nstephen@koomarri.asn.au;25 Launceston Street, PHILLIP, ACT, 2606
;;Assist-Life Stage, Transition;610262806143;www.koomarri.asn.au;Nstephen@koomarri.asn.au;25 Launceston Street, PHILLIP, ACT, 2606
;;Assist-Personal Activities;610262806143;www.koomarri.asn.au;Nstephen@koomarri.asn.au;25 Launceston Street, PHILLIP, ACT, 2606
;;Assist-Travel/Transport;610262806143;www.koomarri.asn.au;Nstephen@koomarri.asn.au;25 Launceston Street, PHILLIP, ACT, 2606
;;Community Nursing Care;610262806143;www.koomarri.asn.au;Nstephen@koomarri.asn.au;25 Launceston Street, PHILLIP, ACT, 2606
;;Daily Tasks/Shared Living;610262806143;www.koomarri.asn.au;Nstephen@koomarri.asn.au;25 Launceston Street, PHILLIP, ACT, 2606
;;Development-Life Skills;610262806143;www.koomarri.asn.au;Nstephen@koomarri.asn.au;25 Launceston Street, PHILLIP, ACT, 2606
;;Household Tasks;610262806143;www.koomarri.asn.au;Nstephen@koomarri.asn.au;25 Launceston Street, PHILLIP, ACT, 2606
;;Participate Community;610262806143;www.koomarri.asn.au;Nstephen@koomarri.asn.au;25 Launceston Street, PHILLIP, ACT, 2606
;;Physical Wellbeing;610262806143;www.koomarri.asn.au;Nstephen@koomarri.asn.au;25 Launceston Street, PHILLIP, ACT, 2606
;;Plan Management;610262806143;www.koomarri.asn.au;Nstephen@koomarri.asn.au;25 Launceston Street, PHILLIP, ACT, 2606
;;Training-Travel Independence;610262806143;www.koomarri.asn.au;Nstephen@koomarri.asn.au;25 Launceston Street, PHILLIP, ACT, 2606
Larissa Hollier;FRANKLIN;Assess-Skill, Ability, Needs;610402704199;www.buzzspeech.com.au;hello@buzzspeech.com.au;144 Hoskins Street, FRANKLIN, ACT, 2913
;;Early Childhood Supports;610402704199;www.buzzspeech.com.au;hello@buzzspeech.com.au;144 Hoskins Street, FRANKLIN, ACT, 2913
;;Equipment Special Assess Setup;610402704199;www.buzzspeech.com.au;hello@buzzspeech.com.au;144 Hoskins Street, FRANKLIN, ACT, 2913
;;Therapeutic Supports;610402704199;www.buzzspeech.com.au;hello@buzzspeech.com.au;144 Hoskins Street, FRANKLIN, ACT, 2913
Life Without Barriers;NEWCASTLE;;;;;352 King Street, NEWCASTLE, NSW, 2300
Livability Australia Pty. Ltd.;GILMORE;;610405620276;;livability15@gmail.com;23 Australie Close, GILMORE, ACT, 2905
Living My Way Brokers Limited;MENAI;;611800626799;www.allowance.org.au;info@allowance.org.au;Unit 11, Ground Floor, 800-812 Old Illawarra Road, MENAI, NSW, 2234
MacDonald, Lauren;BELCONNEN;Assess-Skill, Ability, Needs;610261562747;http://eatspeaklearn.com.au;enquiries@eatspeaklearn.com.au;Waterside, 2/1 Beissel Street, BELCONNEN, ACT, 2617
;;Early Childhood Supports;610261562747;http://eatspeaklearn.com.au;enquiries@eatspeaklearn.com.au;Waterside, 2/1 Beissel Street, BELCONNEN, ACT, 2617
;;Therapeutic Supports;610261562747;http://eatspeaklearn.com.au;enquiries@eatspeaklearn.com.au;Waterside, 2/1 Beissel Street, BELCONNEN, ACT, 2617
MAX Solutions Pty Ltd;BELCONNEN;Therapeutic Supports;"+610262569400
00 00000000";www.maxsolutions.com.au;belconnen@maxemployment.com.au;Level 3 Swanson Plaza, 11-17 Swanson Court, BELCONNEN, ACT, 2617
MB Occupational Therapy;GUNGAHLIN;Assess-Skill, Ability, Needs;610458096202;;mb@mbot.com.au;ADDRESS CONFIDENTIAL
;;Equipment Special Assess Setup;610458096202;;mb@mbot.com.au;ADDRESS CONFIDENTIAL
;;Therapeutic Supports;610458096202;;mb@mbot.com.au;ADDRESS CONFIDENTIAL
McCaffray, Helen Robson;BONNER;Assess-Skill, Ability, Needs;610404688014;;hmccaffray@iinet.net.au;48 Margaret Tucker Street, BONNER, ACT, 2914
;;Early Childhood Supports;610404688014;;hmccaffray@iinet.net.au;48 Margaret Tucker Street, BONNER, ACT, 2914
;;Equipment Special Assess Setup;610404688014;;hmccaffray@iinet.net.au;48 Margaret Tucker Street, BONNER, ACT, 2914
;;Therapeutic Supports;610404688014;;hmccaffray@iinet.net.au;48 Margaret Tucker Street, BONNER, ACT, 2914
Mental Health Foundation (ACT) Inc;CHIFLEY;Accommodation/Tenancy;;www.mhf.org.au;;11/70 MacLaurin Cres, CHIFLEY, ACT, 2606
;;Assist Access/Maintain Employ;;www.mhf.org.au;;11/70 MacLaurin Cres, CHIFLEY, ACT, 2606
;;Assist-Integrate School/Ed;;www.mhf.org.au;;11/70 MacLaurin Cres, CHIFLEY, ACT, 2606
;;Assist-Life Stage, Transition;;www.mhf.org.au;;11/70 MacLaurin Cres, CHIFLEY, ACT, 2606
;;Assist-Personal Activities;;www.mhf.org.au;;11/70 MacLaurin Cres, CHIFLEY, ACT, 2606
;;Assist-Travel/Transport;;www.mhf.org.au;;11/70 MacLaurin Cres, CHIFLEY, ACT, 2606
;;Behaviour Support;;www.mhf.org.au;;11/70 MacLaurin Cres, CHIFLEY, ACT, 2606
;;Daily Tasks/Shared Living;;www.mhf.org.au;;11/70 MacLaurin Cres, CHIFLEY, ACT, 2606
;;Development-Life Skills;;www.mhf.org.au;;11/70 MacLaurin Cres, CHIFLEY, ACT, 2606
;;Household Tasks;;www.mhf.org.au;;11/70 MacLaurin Cres, CHIFLEY, ACT, 2606
;;Participate Community;;www.mhf.org.au;;11/70 MacLaurin Cres, CHIFLEY, ACT, 2606
;;Physical Wellbeing;;www.mhf.org.au;;11/70 MacLaurin Cres, CHIFLEY, ACT, 2606
;;Therapeutic Supports;;www.mhf.org.au;;11/70 MacLaurin Cres, CHIFLEY, ACT, 2606
;;Training-Travel Independence;;www.mhf.org.au;;11/70 MacLaurin Cres, CHIFLEY, ACT, 2606
Mental Illness Fellowship Victoria;O'CONNOR;Accommodation/Tenancy;"+610262467100
(00) 0000 0000";http://www.mifellowship.org/;ACT@mifellowship.org;41B David Street, O'CONNOR, ACT, 2602
;;Assist Access/Maintain Employ;+610262467100(00) 0000 0000;http://www.mifellowship.org/;ACT@mifellowship.org;41B David Street, O'CONNOR, ACT, 2602
;;Assist-Life Stage, Transition;+610262467100(00) 0000 0000;http://www.mifellowship.org/;ACT@mifellowship.org;41B David Street, O'CONNOR, ACT, 2602
;;Assist-Personal Activities;+610262467100(00) 0000 0000;http://www.mifellowship.org/;ACT@mifellowship.org;41B David Street, O'CONNOR, ACT, 2602
;;Assist-Travel/Transport;+610262467100(00) 0000 0000;http://www.mifellowship.org/;ACT@mifellowship.org;41B David Street, O'CONNOR, ACT, 2602
;;Development-Life Skills;+610262467100(00) 0000 0000;http://www.mifellowship.org/;ACT@mifellowship.org;41B David Street, O'CONNOR, ACT, 2602
;;Household Tasks;+610262467100(00) 0000 0000;http://www.mifellowship.org/;ACT@mifellowship.org;41B David Street, O'CONNOR, ACT, 2602
;;Participate Community;+610262467100(00) 0000 0000;http://www.mifellowship.org/;ACT@mifellowship.org;41B David Street, O'CONNOR, ACT, 2602
Mercy Health & Aged Care Inc;GUNGAHLIN;Assist-Life Stage, Transition;;;mhcc_canberra@mercy.com.au;Suite 2E, 46-50 Hibberson Street, GUNGAHLIN, ACT, 2912
;;Assist-Personal Activities;;;mhcc_canberra@mercy.com.au;Suite 2E, 46-50 Hibberson Street, GUNGAHLIN, ACT, 2912
;;Assist-Travel/Transport;;;mhcc_canberra@mercy.com.au;Suite 2E, 46-50 Hibberson Street, GUNGAHLIN, ACT, 2912
;;Household Tasks;;;mhcc_canberra@mercy.com.au;Suite 2E, 46-50 Hibberson Street, GUNGAHLIN, ACT, 2912
;;Participate Community;;;mhcc_canberra@mercy.com.au;Suite 2E, 46-50 Hibberson Street, GUNGAHLIN, ACT, 2912
Michael J MacDonald & Leonie E Cheetham;FRASER;;;;;3 Vercoe Place, FRASER, ACT, 2615
Mobility Matters Pty Ltd;FYSHWICK;Assist Prod-Pers Care/Safety;"+610262807244
(00) 00000000";http://mobilitymatters.com.au/;alison@mobilitymatters.com.au;35 Townsville St, FYSHWICK, ACT, 2609
;;Assistive Equip-Recreation;+610262807244(00) 00000000;http://mobilitymatters.com.au/;alison@mobilitymatters.com.au;35 Townsville St, FYSHWICK, ACT, 2609
;;Assistive Prod-Household Task;+610262807244(00) 00000000;http://mobilitymatters.com.au/;alison@mobilitymatters.com.au;35 Townsville St, FYSHWICK, ACT, 2609
;;Other Innovative Supports;+610262807244(00) 00000000;http://mobilitymatters.com.au/;alison@mobilitymatters.com.au;35 Townsville St, FYSHWICK, ACT, 2609
;;Personal Mobility Equipment;+610262807244(00) 00000000;http://mobilitymatters.com.au/;alison@mobilitymatters.com.au;35 Townsville St, FYSHWICK, ACT, 2609
Momentum Sports and Rehabilitation Services Pty Ltd ATF Momentum Unit Trust;LYNEHAM;Assess-Skill, Ability, Needs;;;;17 Bemboka Crescent, LYNEHAM, ACT, 2602
;;Assistive Equip-Recreation;;;;17 Bemboka Crescent, LYNEHAM, ACT, 2602
;;Equipment Special Assess Setup;;;;17 Bemboka Crescent, LYNEHAM, ACT, 2602
;;Personal Mobility Equipment;;;;17 Bemboka Crescent, LYNEHAM, ACT, 2602
Motor Neurone Disease Association of NSW;GLADESVILLE;Assist Prod-Pers Care/Safety;;;;Building 4, Old Gladesville Hospital, Victoria Road, GLADESVILLE, NSW, 2111
;;Assistive Prod-Household Task;;;;Building 4, Old Gladesville Hospital, Victoria Road, GLADESVILLE, NSW, 2111
;;Assist-Life Stage, Transition;;;;Building 4, Old Gladesville Hospital, Victoria Road, GLADESVILLE, NSW, 2111
;;Comms & Info Equipment;;;;Building 4, Old Gladesville Hospital, Victoria Road, GLADESVILLE, NSW, 2111
;;Other Innovative Supports;;;;Building 4, Old Gladesville Hospital, Victoria Road, GLADESVILLE, NSW, 2111
;;Personal Mobility Equipment;;;;Building 4, Old Gladesville Hospital, Victoria Road, GLADESVILLE, NSW, 2111
Multiple Sclerosis Limited;DEAKIN;Assist-Life Stage, Transition;;;;ADDRESS CONFIDENTIAL
Musso Marquez, Maria Cristina;CANBERRA CITY;;610261694044;www.seaca.com.au;info@seaca.com.au;Tower A, Level 5, 7 London CCT, CANBERRA CITY, ACT, 2601
N D Gook & R J Gook;DIAMOND CREEK;;611300287526;www.auslanservices.com;admin@auslanservices.com;142 Everleigh Dve, DIAMOND CREEK, VIC, 3089
Noah's Ark Inc.;LYONS;Assess-Skill, Ability, Needs;610261694300;www.noahsarkinc.org.au;stephen.carberry@noahsarkinc.org.au;Ground Floor, Unit 2, 3 Lyons Place, LYONS, ACT, 2606
;;Early Childhood Supports;610261694300;www.noahsarkinc.org.au;stephen.carberry@noahsarkinc.org.au;Ground Floor, Unit 2, 3 Lyons Place, LYONS, ACT, 2606
;;Therapeutic Supports;610261694300;www.noahsarkinc.org.au;stephen.carberry@noahsarkinc.org.au;Ground Floor, Unit 2, 3 Lyons Place, LYONS, ACT, 2606
Norman, Sheila;KARABAR;Assess-Skill, Ability, Needs;610262991218;;sheilanormanot@gmail.com;10 Malcolm Rd, KARABAR, NSW, 2620
;;Behaviour Support;610262991218;;sheilanormanot@gmail.com;10 Malcolm Rd, KARABAR, NSW, 2620
;;Early Childhood Supports;610262991218;;sheilanormanot@gmail.com;10 Malcolm Rd, KARABAR, NSW, 2620
;;Therapeutic Supports;610262991218;;sheilanormanot@gmail.com;10 Malcolm Rd, KARABAR, NSW, 2620
Northside Community Service Limited;DICKSON;Assist-Life Stage, Transition;;;;Majura Community Centre, 2 Rosevear Place, DICKSON, ACT, 2602
;;Assist-Travel/Transport;;;;Majura Community Centre, 2 Rosevear Place, DICKSON, ACT, 2602
;;Development-Life Skills;;;;Majura Community Centre, 2 Rosevear Place, DICKSON, ACT, 2602
;;Household Tasks;;;;Majura Community Centre, 2 Rosevear Place, DICKSON, ACT, 2602
;;Participate Community;;;;Majura Community Centre, 2 Rosevear Place, DICKSON, ACT, 2602
O'Hehir, Martin Bernard;KARABAR;;610448358537;;martinoh16@gmail.com;36 Anne Street, KARABAR, NSW, 2620
Olsen Family Trust & The Barrett Family Trust;PHILLIP;Assess-Skill, Ability, Needs;610261621229;www.activerecovery.net.au;info@activerecovery.net.au;Unit 2, 14 Dundas Court, PHILLIP, ACT, 2615
;;Physical Wellbeing;610261621229;www.activerecovery.net.au;info@activerecovery.net.au;Unit 2, 14 Dundas Court, PHILLIP, ACT, 2615
;;Therapeutic Supports;610261621229;www.activerecovery.net.au;info@activerecovery.net.au;Unit 2, 14 Dundas Court, PHILLIP, ACT, 2615
O'Mahoney, Carolyn Patricia;CANBERRA;Assess-Skill, Ability, Needs;610262828793;www.therapy4kidscanberra.com.au;info@therapy4kidscanberra.com.au;Level 11 St George Centre, 60 Marcus Clarke Street, CANBERRA, ACT, 2601
;;Early Childhood Supports;610262828793;www.therapy4kidscanberra.com.au;info@therapy4kidscanberra.com.au;Level 11 St George Centre, 60 Marcus Clarke Street, CANBERRA, ACT, 2601
;;Therapeutic Supports;610262828793;www.therapy4kidscanberra.com.au;info@therapy4kidscanberra.com.au;Level 11 St George Centre, 60 Marcus Clarke Street, CANBERRA, ACT, 2601
Orr, Julie Sharon;REDHEAD;Assess-Skill, Ability, Needs;;;;3A Elandale Place, REDHEAD, NSW, 2290
;;Early Childhood Supports;;;;3A Elandale Place, REDHEAD, NSW, 2290
;;Equipment Special Assess Setup;;;;3A Elandale Place, REDHEAD, NSW, 2290
;;Therapeutic Supports;;;;3A Elandale Place, REDHEAD, NSW, 2290
P & M Maintenance Pty Ltd;LATHAM;;610409778425;;office@pmmaintenance.com.au;18 O'Loghlen Street, LATHAM, ACT, 2615
Paynter, Christine;CONDER;Behaviour Support;610412056943;;;Conder Medical and Dental Centre, 3/3 Sidney Nolan Street, CONDER, ACT, 2906
Phiris Pty Ltd;STIRLING;Assist Prod-Pers Care/Safety;"+610262883106
(00)00000000";www.wheelchairfactory.com.au;admin@wheelchairfactory.com.au;ADDRESS CONFIDENTIAL
;;Personal Mobility Equipment;+610262883106  (00)00000000;www.wheelchairfactory.com.au;admin@wheelchairfactory.com.au;ADDRESS CONFIDENTIAL
Prodaj Pty Ltd;MAWSON;;610262866467;http://www.hands-onphysiotherapy.com.au/;admin@hands-onphysiotherapy.com.au;Unit 1, 43 Mawson Place, MAWSON, ACT, 2607
Quest Employment Solutions Pty Ltd;BELCONNEN;Assist-Personal Activities;;www.questcare.com.au;nathan.jones@questsolutions.com.au;Unit 104 Northpoint Plaza, 8 Chandler st,, BELCONNEN, ACT, 2617
;;Assist-Travel/Transport;;www.questcare.com.au;nathan.jones@questsolutions.com.au;Unit 104 Northpoint Plaza, 8 Chandler st,, BELCONNEN, ACT, 2617
;;Daily Tasks/Shared Living;;www.questcare.com.au;nathan.jones@questsolutions.com.au;Unit 104 Northpoint Plaza, 8 Chandler st,, BELCONNEN, ACT, 2617
;;Household Tasks;;www.questcare.com.au;nathan.jones@questsolutions.com.au;Unit 104 Northpoint Plaza, 8 Chandler st,, BELCONNEN, ACT, 2617
;;Participate Community;;www.questcare.com.au;nathan.jones@questsolutions.com.au;Unit 104 Northpoint Plaza, 8 Chandler st,, BELCONNEN, ACT, 2617
R and P Galli Holdings Pty Ltd;TURNER;;;;;74 Condamine St, TURNER, ACT, 2601
Rachel Marie Simon;SPENCE;;610261565553;www.capitalcounselling.com.au;info@capitalcounselling.com.au;2-4 Glassey Place, SPENCE, ACT, 2615
Relationships Australia Canberra & Region Incorporated;DEAKIN;;;;;15 Napier Close, DEAKIN, ACT, 2600
Richmond Fellowship ACT Inc.;PIALLIGO;Accommodation/Tenancy;;www.rfact.org.au;wilf@rfact.org.au;Cnr Fairbairn Ave and Pialligo Ave, PIALLIGO, ACT, 2609
;;Assist-Integrate School/Ed;;www.rfact.org.au;wilf@rfact.org.au;Cnr Fairbairn Ave and Pialligo Ave, PIALLIGO, ACT, 2609
;;Assist-Life Stage, Transition;;www.rfact.org.au;wilf@rfact.org.au;Cnr Fairbairn Ave and Pialligo Ave, PIALLIGO, ACT, 2609
;;Assist-Personal Activities;;www.rfact.org.au;wilf@rfact.org.au;Cnr Fairbairn Ave and Pialligo Ave, PIALLIGO, ACT, 2609
;;Assist-Travel/Transport;;www.rfact.org.au;wilf@rfact.org.au;Cnr Fairbairn Ave and Pialligo Ave, PIALLIGO, ACT, 2609
;;Behaviour Support;;www.rfact.org.au;wilf@rfact.org.au;Cnr Fairbairn Ave and Pialligo Ave, PIALLIGO, ACT, 2609
;;Daily Tasks/Shared Living;;www.rfact.org.au;wilf@rfact.org.au;Cnr Fairbairn Ave and Pialligo Ave, PIALLIGO, ACT, 2609
;;Development-Life Skills;;www.rfact.org.au;wilf@rfact.org.au;Cnr Fairbairn Ave and Pialligo Ave, PIALLIGO, ACT, 2609
;;Household Tasks;;www.rfact.org.au;wilf@rfact.org.au;Cnr Fairbairn Ave and Pialligo Ave, PIALLIGO, ACT, 2609
;;Participate Community;;www.rfact.org.au;wilf@rfact.org.au;Cnr Fairbairn Ave and Pialligo Ave, PIALLIGO, ACT, 2609
RIDING FOR THE DISABLED OF THE ACT INCORPORATED;HOLT;;610262549190;pegasusact.com.au;admin@pegasusact.com.au;119 Drake Brockman Drive, HOLT, ACT, 2615
Roman Catholic Church For The Archdiocese of Canberra and Goulburn As Trustees;RED HILL;Accommodation/Tenancy;"+610262954300
(00) 00000000";http://www.catholiccarechoices.org.au;CHOICES@catholiccare.cg.org.au;57 Hicks St, RED HILL, ACT, 2603
;;Assess-Skill, Ability, Needs;+610262954300(00) 00000000;http://www.catholiccarechoices.org.au;CHOICES@catholiccare.cg.org.au;57 Hicks St, RED HILL, ACT, 2603
;;Assist-Integrate School/Ed;+610262954300(00) 00000000;http://www.catholiccarechoices.org.au;CHOICES@catholiccare.cg.org.au;57 Hicks St, RED HILL, ACT, 2603
;;Assist-Life Stage, Transition;+610262954300(00) 00000000;http://www.catholiccarechoices.org.au;CHOICES@catholiccare.cg.org.au;57 Hicks St, RED HILL, ACT, 2603
;;Assist-Personal Activities;+610262954300(00) 00000000;http://www.catholiccarechoices.org.au;CHOICES@catholiccare.cg.org.au;57 Hicks St, RED HILL, ACT, 2603
;;Assist-Travel/Transport;+610262954300(00) 00000000;http://www.catholiccarechoices.org.au;CHOICES@catholiccare.cg.org.au;57 Hicks St, RED HILL, ACT, 2603
;;Behaviour Support;+610262954300(00) 00000000;http://www.catholiccarechoices.org.au;CHOICES@catholiccare.cg.org.au;57 Hicks St, RED HILL, ACT, 2603
;;Community Nursing Care;+610262954300(00) 00000000;http://www.catholiccarechoices.org.au;CHOICES@catholiccare.cg.org.au;57 Hicks St, RED HILL, ACT, 2603
;;Daily Tasks/Shared Living;+610262954300(00) 00000000;http://www.catholiccarechoices.org.au;CHOICES@catholiccare.cg.org.au;57 Hicks St, RED HILL, ACT, 2603
;;Development-Life Skills;+610262954300(00) 00000000;http://www.catholiccarechoices.org.au;CHOICES@catholiccare.cg.org.au;57 Hicks St, RED HILL, ACT, 2603
;;Early Childhood Supports;+610262954300(00) 00000000;http://www.catholiccarechoices.org.au;CHOICES@catholiccare.cg.org.au;57 Hicks St, RED HILL, ACT, 2603
;;Household Tasks;+610262954300(00) 00000000;http://www.catholiccarechoices.org.au;CHOICES@catholiccare.cg.org.au;57 Hicks St, RED HILL, ACT, 2603
;;Participate Community;+610262954300(00) 00000000;http://www.catholiccarechoices.org.au;CHOICES@catholiccare.cg.org.au;57 Hicks St, RED HILL, ACT, 2603
;;Physical Wellbeing;+610262954300(00) 00000000;http://www.catholiccarechoices.org.au;CHOICES@catholiccare.cg.org.au;57 Hicks St, RED HILL, ACT, 2603
;;Therapeutic Supports;+610262954300(00) 00000000;http://www.catholiccarechoices.org.au;CHOICES@catholiccare.cg.org.au;57 Hicks St, RED HILL, ACT, 2603
;;Training-Travel Independence;+610262954300(00) 00000000;http://www.catholiccarechoices.org.au;CHOICES@catholiccare.cg.org.au;57 Hicks St, RED HILL, ACT, 2603
Royal Institute for Deaf and Blind Children;CANBERRA;Assess-Skill, Ability, Needs;611300581391;www.ridbc.org.au;online@ridbc.org.au;Suite 1, 10 Rudd Street, CANBERRA, ACT, 2601
;;Assist-Integrate School/Ed;611300581391;www.ridbc.org.au;online@ridbc.org.au;Suite 1, 10 Rudd Street, CANBERRA, ACT, 2601
;;Assist-Life Stage, Transition;611300581391;www.ridbc.org.au;online@ridbc.org.au;Suite 1, 10 Rudd Street, CANBERRA, ACT, 2601
;;Development-Life Skills;611300581391;www.ridbc.org.au;online@ridbc.org.au;Suite 1, 10 Rudd Street, CANBERRA, ACT, 2601
;;Early Childhood Supports;611300581391;www.ridbc.org.au;online@ridbc.org.au;Suite 1, 10 Rudd Street, CANBERRA, ACT, 2601
;;Equipment Special Assess Setup;611300581391;www.ridbc.org.au;online@ridbc.org.au;Suite 1, 10 Rudd Street, CANBERRA, ACT, 2601
;;Therapeutic Supports;611300581391;www.ridbc.org.au;online@ridbc.org.au;Suite 1, 10 Rudd Street, CANBERRA, ACT, 2601
Royal Society for the Blind of South Australia Inc;CANBERRA;Assess-Skill, Ability, Needs;610262474580;www.rsb.org.au;actreferrals@rsb.org.au;Griffin Centre, 20 Genge St, CANBERRA, ACT, 2601
;;Assistive Prod-Household Task;610262474580;www.rsb.org.au;actreferrals@rsb.org.au;Griffin Centre, 20 Genge St, CANBERRA, ACT, 2601
;;Assist-Life Stage, Transition;610262474580;www.rsb.org.au;actreferrals@rsb.org.au;Griffin Centre, 20 Genge St, CANBERRA, ACT, 2601
;;Development-Life Skills;610262474580;www.rsb.org.au;actreferrals@rsb.org.au;Griffin Centre, 20 Genge St, CANBERRA, ACT, 2601
;;Early Childhood Supports;610262474580;www.rsb.org.au;actreferrals@rsb.org.au;Griffin Centre, 20 Genge St, CANBERRA, ACT, 2601
;;Equipment Special Assess Setup;610262474580;www.rsb.org.au;actreferrals@rsb.org.au;Griffin Centre, 20 Genge St, CANBERRA, ACT, 2601
;;Participate Community;610262474580;www.rsb.org.au;actreferrals@rsb.org.au;Griffin Centre, 20 Genge St, CANBERRA, ACT, 2601
;;Therapeutic Supports;610262474580;www.rsb.org.au;actreferrals@rsb.org.au;Griffin Centre, 20 Genge St, CANBERRA, ACT, 2601
;;Vision Equipment;610262474580;www.rsb.org.au;actreferrals@rsb.org.au;Griffin Centre, 20 Genge St, CANBERRA, ACT, 2601
Rubies Nursing Pvt Limited;CRACE;Community Nursing Care;"+611300651649
0000 000 000";www.nursingagencyrubies.com.au;admin@nursingagencyrubies.com.au;163 Langtree Crescent, CRACE, ACT, 2911
;;Household Tasks;+6113006516490 000 000 000;www.nursingagencyrubies.com.au;admin@nursingagencyrubies.com.au;163 Langtree Crescent, CRACE, ACT, 2911
"S.A Blacker & M.P Flannery & P.J Jones & J.P Mulhall &
R.J Turner";CONDER;;;;;Shop 17, Lanyon Market Place, 4 Sidney Nolan St, CONDER, ACT, 2906
;WESTON;;;;;Cooleman Court Pharmacy, Shop 5015, Cooleman Court, Brierly Street, WESTON, ACT, 2611
SDN Child And Family Services Pty Limited;KAMBAH;Assess-Skill, Ability, Needs;"+611300407746
0000 000 000";www.sdn.org.au;ndis@sdn.org.au;Preschool Building Namadgi Scho, OHalloran Circuit, KAMBAH, ACT, 2902
;;Assist-Integrate School/Ed;+6113004077460 000 000 000;www.sdn.org.au;ndis@sdn.org.au;Preschool Building Namadgi Scho, OHalloran Circuit, KAMBAH, ACT, 2902
;;Early Childhood Supports;+6113004077460 000 000 000;www.sdn.org.au;ndis@sdn.org.au;Preschool Building Namadgi Scho, OHalloran Circuit, KAMBAH, ACT, 2902
;;Participate Community;+6113004077460 000 000 000;www.sdn.org.au;ndis@sdn.org.au;Preschool Building Namadgi Scho, OHalloran Circuit, KAMBAH, ACT, 2902
;;Therapeutic Supports;+6113004077460 000 000 000;www.sdn.org.au;ndis@sdn.org.au;Preschool Building Namadgi Scho, OHalloran Circuit, KAMBAH, ACT, 2902
Sexual Health and Family Planning ACT Incorporated;CANBERRA;;610262473077;www.shfpact.org.au;shfpact@shfpact.org.au;Level 1, 28 University Avenue, CANBERRA, ACT, 2601
Sharing Places Inc;PEARCE;Assist-Integrate School/Ed;;www.sharingplaces.com.au;;Building 3 Pearce Community Centre, Collett Place, PEARCE, ACT, 2607
;;Assist-Travel/Transport;;www.sharingplaces.com.au;;Building 3 Pearce Community Centre, Collett Place, PEARCE, ACT, 2607
;;Development-Life Skills;;www.sharingplaces.com.au;;Building 3 Pearce Community Centre, Collett Place, PEARCE, ACT, 2607
;;Participate Community;;www.sharingplaces.com.au;;Building 3 Pearce Community Centre, Collett Place, PEARCE, ACT, 2607
;;Physical Wellbeing;;www.sharingplaces.com.au;;Building 3 Pearce Community Centre, Collett Place, PEARCE, ACT, 2607
;;Training-Travel Independence;;www.sharingplaces.com.au;;Building 3 Pearce Community Centre, Collett Place, PEARCE, ACT, 2607
Siblings Australia Incorporated;KINGSWOOD;;;;;ADDRESS CONFIDENTIAL
Sillick, Tamra Jean;BELCONNEN;;610448861872;www.pamconnor.com;tamra.sillick@westnet.com.au;U5A, 55 Lathlain Street, BELCONNEN, ACT, 2616
Society of St. Vincent de Paul Pty. Limited;DEAKIN;;;;;15 Denison Street, DEAKIN, ACT, 2600
Sole Support Pedorthic Solutions PTY LTD;NORTH LYNEHAM;Personal Mobility Equipment;610262487777;www.solesupport.com.au;act@solesupport.com.au;4/6 Montford Cres, NORTH LYNEHAM, ACT, 2602
South Coast Home Modification and Maintenance Service Limited;BUNGENDORE;Assess-Skill, Ability, Needs;611300765887;www.scopehomeaccess.com.au;info@scopehomeaccess.com.au;2 Majara Street, BUNGENDORE, NSW, 2621
;;Equipment Special Assess Setup;611300765887;www.scopehomeaccess.com.au;info@scopehomeaccess.com.au;2 Majara Street, BUNGENDORE, NSW, 2621
;;Home Modification;611300765887;www.scopehomeaccess.com.au;info@scopehomeaccess.com.au;2 Majara Street, BUNGENDORE, NSW, 2621
;;Therapeutic Supports;611300765887;www.scopehomeaccess.com.au;info@scopehomeaccess.com.au;2 Majara Street, BUNGENDORE, NSW, 2621
Southern Electric Scooters Pty Ltd;EVATT;;;;;11 Pitcairn St, EVATT, ACT, 2617
Southside Community Services Incorporated;NARRABUNDAH;Assist-Life Stage, Transition;610261264700;www.sscs.org.au;admin@sscs.org.au;63 Boolimba Crescent, NARRABUNDAH, ACT, 2604
;;Assist-Personal Activities;610261264700;www.sscs.org.au;admin@sscs.org.au;63 Boolimba Crescent, NARRABUNDAH, ACT, 2604
;;Assist-Travel/Transport;610261264700;www.sscs.org.au;admin@sscs.org.au;63 Boolimba Crescent, NARRABUNDAH, ACT, 2604
;;Development-Life Skills;610261264700;www.sscs.org.au;admin@sscs.org.au;63 Boolimba Crescent, NARRABUNDAH, ACT, 2604
;;Household Tasks;610261264700;www.sscs.org.au;admin@sscs.org.au;63 Boolimba Crescent, NARRABUNDAH, ACT, 2604
;;Participate Community;610261264700;www.sscs.org.au;admin@sscs.org.au;63 Boolimba Crescent, NARRABUNDAH, ACT, 2604
;;Physical Wellbeing;610261264700;www.sscs.org.au;admin@sscs.org.au;63 Boolimba Crescent, NARRABUNDAH, ACT, 2604
;;Training-Travel Independence;610261264700;www.sscs.org.au;admin@sscs.org.au;63 Boolimba Crescent, NARRABUNDAH, ACT, 2604
Stewart, Michelle Patricia;CANBERRA CITY;;610499568574;;michellestwrt4@gmail.com;Higher Function, 23 Petrie Plaza, CANBERRA CITY, ACT, 2601
Stuchbery, Carolyn Cheryl;LATHAM;Assess-Skill, Ability, Needs;610401351611;;carolyn.stuchbery@bigpond.com;45 Herron Crescent, LATHAM, ACT, 2615
;;Early Childhood Supports;610401351611;;carolyn.stuchbery@bigpond.com;45 Herron Crescent, LATHAM, ACT, 2615
;;Equipment Special Assess Setup;610401351611;;carolyn.stuchbery@bigpond.com;45 Herron Crescent, LATHAM, ACT, 2615
;;Therapeutic Supports;610401351611;;carolyn.stuchbery@bigpond.com;45 Herron Crescent, LATHAM, ACT, 2615
Sue Cameron;HENTY;Assess-Skill, Ability, Needs;;;;ADDRESS CONFIDENTIAL
;;Early Childhood Supports;;;;ADDRESS CONFIDENTIAL
;;Therapeutic Supports;;;;ADDRESS CONFIDENTIAL
Sue Driscoll;GORDON;;;;;ADDRESS CONFIDENTIAL
Sunnyfield;HOLDER;Accommodation/Tenancy;"+611300588688
0000 000 000";www.sunnyfield.org.au;;Grant Cameron Community Centre, 27 Mulley St, HOLDER, ACT, 2611
;;Assess-Skill, Ability, Needs;+6113005886880 000 000 000;www.sunnyfield.org.au;;Grant Cameron Community Centre, 27 Mulley St, HOLDER, ACT, 2611
;;Assist Access/Maintain Employ;+6113005886880 000 000 000;www.sunnyfield.org.au;;Grant Cameron Community Centre, 27 Mulley St, HOLDER, ACT, 2611
;;Assist-Life Stage, Transition;+6113005886880 000 000 000;www.sunnyfield.org.au;;Grant Cameron Community Centre, 27 Mulley St, HOLDER, ACT, 2611
;;Assist-Personal Activities;+6113005886880 000 000 000;www.sunnyfield.org.au;;Grant Cameron Community Centre, 27 Mulley St, HOLDER, ACT, 2611
;;Assist-Travel/Transport;+6113005886880 000 000 000;www.sunnyfield.org.au;;Grant Cameron Community Centre, 27 Mulley St, HOLDER, ACT, 2611
;;Behaviour Support;+6113005886880 000 000 000;www.sunnyfield.org.au;;Grant Cameron Community Centre, 27 Mulley St, HOLDER, ACT, 2611
;;Daily Tasks/Shared Living;+6113005886880 000 000 000;www.sunnyfield.org.au;;Grant Cameron Community Centre, 27 Mulley St, HOLDER, ACT, 2611
;;Development-Life Skills;+6113005886880 000 000 000;www.sunnyfield.org.au;;Grant Cameron Community Centre, 27 Mulley St, HOLDER, ACT, 2611
;;Household Tasks;+6113005886880 000 000 000;www.sunnyfield.org.au;;Grant Cameron Community Centre, 27 Mulley St, HOLDER, ACT, 2611
;;Other Innovative Supports;+6113005886880 000 000 000;www.sunnyfield.org.au;;Grant Cameron Community Centre, 27 Mulley St, HOLDER, ACT, 2611
;;Participate Community;+6113005886880 000 000 000;www.sunnyfield.org.au;;Grant Cameron Community Centre, 27 Mulley St, HOLDER, ACT, 2611
;;Physical Wellbeing;+6113005886880 000 000 000;www.sunnyfield.org.au;;Grant Cameron Community Centre, 27 Mulley St, HOLDER, ACT, 2611
;;Plan Management;+6113005886880 000 000 000;www.sunnyfield.org.au;;Grant Cameron Community Centre, 27 Mulley St, HOLDER, ACT, 2611
;;Therapeutic Supports;+6113005886880 000 000 000;www.sunnyfield.org.au;;Grant Cameron Community Centre, 27 Mulley St, HOLDER, ACT, 2611
Technical Aid to the Disabled (ACT) Incorporated;HOLDER;Assess-Skill, Ability, Needs;;www.tadact.org.au;info@tadact.org.au;Grant Cameron Community Centre, 27 Mulley St, HOLDER, ACT, 2611
;;Assist Prod-Pers Care/Safety;;www.tadact.org.au;info@tadact.org.au;Grant Cameron Community Centre, 27 Mulley St, HOLDER, ACT, 2611
;;Assistive Equip-Recreation;;www.tadact.org.au;info@tadact.org.au;Grant Cameron Community Centre, 27 Mulley St, HOLDER, ACT, 2611
;;Assistive Prod-Household Task;;www.tadact.org.au;info@tadact.org.au;Grant Cameron Community Centre, 27 Mulley St, HOLDER, ACT, 2611
;;Comms & Info Equipment;;www.tadact.org.au;info@tadact.org.au;Grant Cameron Community Centre, 27 Mulley St, HOLDER, ACT, 2611
;;Equipment Special Assess Setup;;www.tadact.org.au;info@tadact.org.au;Grant Cameron Community Centre, 27 Mulley St, HOLDER, ACT, 2611
;;Home Modification;;www.tadact.org.au;info@tadact.org.au;Grant Cameron Community Centre, 27 Mulley St, HOLDER, ACT, 2611
;;Other Innovative Supports;;www.tadact.org.au;info@tadact.org.au;Grant Cameron Community Centre, 27 Mulley St, HOLDER, ACT, 2611
;;Personal Mobility Equipment;;www.tadact.org.au;info@tadact.org.au;Grant Cameron Community Centre, 27 Mulley St, HOLDER, ACT, 2611
The Centre for Applied Behaviour Analysis;BRADDON;Assess-Skill, Ability, Needs;"+611800800560
0000 000 000";www.thecaba.com.au;geoff@thecaba.com.au;28 Torrens Street, BRADDON, ACT, 2612
;;Behaviour Support;+6118008005600 000 000 000;www.thecaba.com.au;geoff@thecaba.com.au;28 Torrens Street, BRADDON, ACT, 2612
;;Therapeutic Supports;+6118008005600 000 000 000;www.thecaba.com.au;geoff@thecaba.com.au;28 Torrens Street, BRADDON, ACT, 2612
The Cram Foundation;SHELLHARBOUR CITY CENTRE;;610242556900;www.cramfoundation.com.au;ceo@cramfoundation.com.au;7/75 Cygnet Ave, SHELLHARBOUR CITY CENTRE, NSW, 2529
The Deaf Society of NSW;NEWCASTLE;;;;;133 King Street, NEWCASTLE, NSW, 2300
The Northcott Society;BELCONNEN;Accommodation/Tenancy;"+610262516444
(00) 00000000";www.northcott.com.au;ndis@northcott.com.au;6/80 Emu Bank, BELCONNEN, ACT, 2617
;;Assess-Skill, Ability, Needs;+610262516444(00) 00000000;www.northcott.com.au;ndis@northcott.com.au;6/80 Emu Bank, BELCONNEN, ACT, 2617
;;Assist Access/Maintain Employ;+610262516444(00) 00000000;www.northcott.com.au;ndis@northcott.com.au;6/80 Emu Bank, BELCONNEN, ACT, 2617
;;Assistive Equip-Recreation;+610262516444(00) 00000000;www.northcott.com.au;ndis@northcott.com.au;6/80 Emu Bank, BELCONNEN, ACT, 2617
;;Assist-Life Stage, Transition;+610262516444(00) 00000000;www.northcott.com.au;ndis@northcott.com.au;6/80 Emu Bank, BELCONNEN, ACT, 2617
;;Assist-Personal Activities;+610262516444(00) 00000000;www.northcott.com.au;ndis@northcott.com.au;6/80 Emu Bank, BELCONNEN, ACT, 2617
;;Assist-Travel/Transport;+610262516444(00) 00000000;www.northcott.com.au;ndis@northcott.com.au;6/80 Emu Bank, BELCONNEN, ACT, 2617
;;Behaviour Support;+610262516444(00) 00000000;www.northcott.com.au;ndis@northcott.com.au;6/80 Emu Bank, BELCONNEN, ACT, 2617
;;Comms & Info Equipment;+610262516444(00) 00000000;www.northcott.com.au;ndis@northcott.com.au;6/80 Emu Bank, BELCONNEN, ACT, 2617
;;Daily Tasks/Shared Living;+610262516444(00) 00000000;www.northcott.com.au;ndis@northcott.com.au;6/80 Emu Bank, BELCONNEN, ACT, 2617
;;Development-Life Skills;+610262516444(00) 00000000;www.northcott.com.au;ndis@northcott.com.au;6/80 Emu Bank, BELCONNEN, ACT, 2617
;;Early Childhood Supports;+610262516444(00) 00000000;www.northcott.com.au;ndis@northcott.com.au;6/80 Emu Bank, BELCONNEN, ACT, 2617
;;Equipment Special Assess Setup;+610262516444(00) 00000000;www.northcott.com.au;ndis@northcott.com.au;6/80 Emu Bank, BELCONNEN, ACT, 2617
;;Household Tasks;+610262516444(00) 00000000;www.northcott.com.au;ndis@northcott.com.au;6/80 Emu Bank, BELCONNEN, ACT, 2617
;;Other Innovative Supports;+610262516444(00) 00000000;www.northcott.com.au;ndis@northcott.com.au;6/80 Emu Bank, BELCONNEN, ACT, 2617
;;Participate Community;+610262516444(00) 00000000;www.northcott.com.au;ndis@northcott.com.au;6/80 Emu Bank, BELCONNEN, ACT, 2617
;;Personal Mobility Equipment;+610262516444(00) 00000000;www.northcott.com.au;ndis@northcott.com.au;6/80 Emu Bank, BELCONNEN, ACT, 2617
;;Therapeutic Supports;+610262516444(00) 00000000;www.northcott.com.au;ndis@northcott.com.au;6/80 Emu Bank, BELCONNEN, ACT, 2617
;;Training-Travel Independence;+610262516444(00) 00000000;www.northcott.com.au;ndis@northcott.com.au;6/80 Emu Bank, BELCONNEN, ACT, 2617
The Shepherd Centre - for deaf children;RIVETT;Assess-Skill, Ability, Needs;610293704401;www.shepherdcentre.org.au;accounts@shepherdcentre.org.au;Nealie Place, RIVETT, ACT, 2611
;;Assist-Integrate School/Ed;610293704401;www.shepherdcentre.org.au;accounts@shepherdcentre.org.au;Nealie Place, RIVETT, ACT, 2611
;;Assist-Life Stage, Transition;610293704401;www.shepherdcentre.org.au;accounts@shepherdcentre.org.au;Nealie Place, RIVETT, ACT, 2611
;;Development-Life Skills;610293704401;www.shepherdcentre.org.au;accounts@shepherdcentre.org.au;Nealie Place, RIVETT, ACT, 2611
;;Early Childhood Supports;610293704401;www.shepherdcentre.org.au;accounts@shepherdcentre.org.au;Nealie Place, RIVETT, ACT, 2611
;;Therapeutic Supports;610293704401;www.shepherdcentre.org.au;accounts@shepherdcentre.org.au;Nealie Place, RIVETT, ACT, 2611
The trustee for Ausco Trust;QUEANBEYAN EAST;Assist Prod-Pers Care/Safety;;lightningmobility.com.au;;9 Aurora Ave, QUEANBEYAN EAST, NSW, 2620
;;Other Innovative Supports;;lightningmobility.com.au;;9 Aurora Ave, QUEANBEYAN EAST, NSW, 2620
;;Personal Mobility Equipment;;lightningmobility.com.au;;9 Aurora Ave, QUEANBEYAN EAST, NSW, 2620
The Trustee for Nelson Family Trust;FYSHWICK;Accommodation/Tenancy;610262804070;www.justbettercare.com;fergus@justbettercare.com;Unit 8, 41-45 Tennant Street, FYSHWICK, ACT, 2609
;;Assist-Integrate School/Ed;610262804070;www.justbettercare.com;fergus@justbettercare.com;Unit 8, 41-45 Tennant Street, FYSHWICK, ACT, 2609
;;Assist-Life Stage, Transition;610262804070;www.justbettercare.com;fergus@justbettercare.com;Unit 8, 41-45 Tennant Street, FYSHWICK, ACT, 2609
;;Assist-Personal Activities;610262804070;www.justbettercare.com;fergus@justbettercare.com;Unit 8, 41-45 Tennant Street, FYSHWICK, ACT, 2609
;;Assist-Travel/Transport;610262804070;www.justbettercare.com;fergus@justbettercare.com;Unit 8, 41-45 Tennant Street, FYSHWICK, ACT, 2609
;;Daily Tasks/Shared Living;610262804070;www.justbettercare.com;fergus@justbettercare.com;Unit 8, 41-45 Tennant Street, FYSHWICK, ACT, 2609
;;Development-Life Skills;610262804070;www.justbettercare.com;fergus@justbettercare.com;Unit 8, 41-45 Tennant Street, FYSHWICK, ACT, 2609
;;Household Tasks;610262804070;www.justbettercare.com;fergus@justbettercare.com;Unit 8, 41-45 Tennant Street, FYSHWICK, ACT, 2609
;;Participate Community;610262804070;www.justbettercare.com;fergus@justbettercare.com;Unit 8, 41-45 Tennant Street, FYSHWICK, ACT, 2609
;;Physical Wellbeing;610262804070;www.justbettercare.com;fergus@justbettercare.com;Unit 8, 41-45 Tennant Street, FYSHWICK, ACT, 2609
;;Plan Management;610262804070;www.justbettercare.com;fergus@justbettercare.com;Unit 8, 41-45 Tennant Street, FYSHWICK, ACT, 2609
;;Training-Travel Independence;610262804070;www.justbettercare.com;fergus@justbettercare.com;Unit 8, 41-45 Tennant Street, FYSHWICK, ACT, 2609
The Trustee for Recruitment Solutions Group Australia Trust;NORTH SYDNEY;Assist-Personal Activities;610262902499;www.actnursingservice.com.au;enquiry@actnursingservice.com.au;Level 15, 140 Arthur Street, NORTH SYDNEY, NSW, 2060
;;Community Nursing Care;610262902499;www.actnursingservice.com.au;enquiry@actnursingservice.com.au;Level 15, 140 Arthur Street, NORTH SYDNEY, NSW, 2060
;;Daily Tasks/Shared Living;610262902499;www.actnursingservice.com.au;enquiry@actnursingservice.com.au;Level 15, 140 Arthur Street, NORTH SYDNEY, NSW, 2060
;;Household Tasks;610262902499;www.actnursingservice.com.au;enquiry@actnursingservice.com.au;Level 15, 140 Arthur Street, NORTH SYDNEY, NSW, 2060
;;Participate Community;610262902499;www.actnursingservice.com.au;enquiry@actnursingservice.com.au;Level 15, 140 Arthur Street, NORTH SYDNEY, NSW, 2060
The Trustee for Stanton Family Trust;KALEEN;;610262554301;;australlianot@optusnet.com.au;4 Lyndon St, KALEEN, ACT, 2617
The Trustee for The Assistive Technology Centre Trust;HAWKER;Assess-Skill, Ability, Needs;610427484347;www.atcentre.com.au;kath.proudfoot@atcentre.com;Suite 5 Birubi Chambers, 121 Hawker Place, HAWKER, ACT, 2614
;;Early Childhood Supports;610427484347;www.atcentre.com.au;kath.proudfoot@atcentre.com;Suite 5 Birubi Chambers, 121 Hawker Place, HAWKER, ACT, 2614
;;Equipment Special Assess Setup;610427484347;www.atcentre.com.au;kath.proudfoot@atcentre.com;Suite 5 Birubi Chambers, 121 Hawker Place, HAWKER, ACT, 2614
;;Therapeutic Supports;610427484347;www.atcentre.com.au;kath.proudfoot@atcentre.com;Suite 5 Birubi Chambers, 121 Hawker Place, HAWKER, ACT, 2614
The Young Men's Christian Association of Canberra;YARRALUMLA;Participate Community;"+610262810124
(00) 00000000";www.canberra.ymca.org.au;yfitness.can@ymca.org.au;ADDRESS CONFIDENTIAL
;;Physical Wellbeing;+610262810124(00) 00000000;www.canberra.ymca.org.au;yfitness.can@ymca.org.au;ADDRESS CONFIDENTIAL
Therapeutic Welfare Interventions Pty Ltd;NARRABUNDAH;;610262956255;www.twi.org.au;office@twi.org.au;Unit 4, 59 Boolimba Crescent, NARRABUNDAH, ACT, 2604
Total Mobility Solutions (ACT) Pty Ltd;HUME;Assist Prod-Pers Care/Safety;;;;UNIT 2, 21 RAWS CRESCENT, HUME, ACT, 2620
;;Personal Mobility Equipment;;;;UNIT 2, 21 RAWS CRESCENT, HUME, ACT, 2620
Trustees of the Roman Catholic Church for the Archdiocese of Canberra and Goulbu;NARRABUNDAH;Assess-Skill, Ability, Needs;;www.marymead.org.au;hilary.martin@marymead.org.au;255 Goyder St, NARRABUNDAH, ACT, 2604
;;Assist-Integrate School/Ed;;www.marymead.org.au;hilary.martin@marymead.org.au;255 Goyder St, NARRABUNDAH, ACT, 2604
;;Assist-Life Stage, Transition;;www.marymead.org.au;hilary.martin@marymead.org.au;255 Goyder St, NARRABUNDAH, ACT, 2604
;;Assist-Personal Activities;;www.marymead.org.au;hilary.martin@marymead.org.au;255 Goyder St, NARRABUNDAH, ACT, 2604
;;Assist-Travel/Transport;;www.marymead.org.au;hilary.martin@marymead.org.au;255 Goyder St, NARRABUNDAH, ACT, 2604
;;Daily Tasks/Shared Living;;www.marymead.org.au;hilary.martin@marymead.org.au;255 Goyder St, NARRABUNDAH, ACT, 2604
;;Development-Life Skills;;www.marymead.org.au;hilary.martin@marymead.org.au;255 Goyder St, NARRABUNDAH, ACT, 2604
;;Participate Community;;www.marymead.org.au;hilary.martin@marymead.org.au;255 Goyder St, NARRABUNDAH, ACT, 2604
;;Physical Wellbeing;;www.marymead.org.au;hilary.martin@marymead.org.au;255 Goyder St, NARRABUNDAH, ACT, 2604
;;Plan Management;;www.marymead.org.au;hilary.martin@marymead.org.au;255 Goyder St, NARRABUNDAH, ACT, 2604
;;Training-Travel Independence;;www.marymead.org.au;hilary.martin@marymead.org.au;255 Goyder St, NARRABUNDAH, ACT, 2604
UnitingCare NSW.ACT;NORTH PARRAMATTA;Assist-Life Stage, Transition;611300883430;www.unitingcaredisability.org.au;disability@unitingcarenswact.org.au;ADDRESS CONFIDENTIAL
;;Daily Tasks/Shared Living;611300883430;www.unitingcaredisability.org.au;disability@unitingcarenswact.org.au;ADDRESS CONFIDENTIAL
Upshall, Helen;DOWNER;Assist-Life Stage, Transition;"+610431429555
0000 000 000";www.helenupshallcounselling.com/;helen@helenupshallcounselling.com;22 Durack Street, DOWNER, ACT, 2602
;;Therapeutic Supports;+6104314295550 000 000 000;www.helenupshallcounselling.com/;helen@helenupshallcounselling.com;22 Durack Street, DOWNER, ACT, 2602
Vagg, Jessica;FRASER;Assess-Skill, Ability, Needs;610421784932;;bluenotemusictherapy@gmail.com;45 Dunbar Street, FRASER, ACT, 2615
;;Therapeutic Supports;610421784932;;bluenotemusictherapy@gmail.com;45 Dunbar Street, FRASER, ACT, 2615
Valmar Support Services Limited;TUMUT;Accommodation/Tenancy;610269474150;www.valmar.com.au;soniagogala@valmar.com.au;75 Capper Street, TUMUT, NSW, 2720
;;Assist Access/Maintain Employ;610269474150;www.valmar.com.au;soniagogala@valmar.com.au;75 Capper Street, TUMUT, NSW, 2720
;;Assist-Integrate School/Ed;610269474150;www.valmar.com.au;soniagogala@valmar.com.au;75 Capper Street, TUMUT, NSW, 2720
;;Assist-Life Stage, Transition;610269474150;www.valmar.com.au;soniagogala@valmar.com.au;75 Capper Street, TUMUT, NSW, 2720
;;Assist-Personal Activities;610269474150;www.valmar.com.au;soniagogala@valmar.com.au;75 Capper Street, TUMUT, NSW, 2720
;;Assist-Travel/Transport;610269474150;www.valmar.com.au;soniagogala@valmar.com.au;75 Capper Street, TUMUT, NSW, 2720
;;Daily Tasks/Shared Living;610269474150;www.valmar.com.au;soniagogala@valmar.com.au;75 Capper Street, TUMUT, NSW, 2720
;;Development-Life Skills;610269474150;www.valmar.com.au;soniagogala@valmar.com.au;75 Capper Street, TUMUT, NSW, 2720
;;Household Tasks;610269474150;www.valmar.com.au;soniagogala@valmar.com.au;75 Capper Street, TUMUT, NSW, 2720
;;Participate Community;610269474150;www.valmar.com.au;soniagogala@valmar.com.au;75 Capper Street, TUMUT, NSW, 2720
;;Training-Travel Independence;610269474150;www.valmar.com.au;soniagogala@valmar.com.au;75 Capper Street, TUMUT, NSW, 2720
Vision Australia Limited;CANBERRA;Assess-Skill, Ability, Needs;;www.visionaustralia.org;info@visionaustralia.org;Level 2, 22 East Row, CANBERRA, ACT, 2601
;;Assist Access/Maintain Employ;;www.visionaustralia.org;info@visionaustralia.org;Level 2, 22 East Row, CANBERRA, ACT, 2601
;;Assist-Integrate School/Ed;;www.visionaustralia.org;info@visionaustralia.org;Level 2, 22 East Row, CANBERRA, ACT, 2601
;;Assist-Life Stage, Transition;;www.visionaustralia.org;info@visionaustralia.org;Level 2, 22 East Row, CANBERRA, ACT, 2601
;;Comms & Info Equipment;;www.visionaustralia.org;info@visionaustralia.org;Level 2, 22 East Row, CANBERRA, ACT, 2601
;;Early Childhood Supports;;www.visionaustralia.org;info@visionaustralia.org;Level 2, 22 East Row, CANBERRA, ACT, 2601
;;Equipment Special Assess Setup;;www.visionaustralia.org;info@visionaustralia.org;Level 2, 22 East Row, CANBERRA, ACT, 2601
;;Other Innovative Supports;;www.visionaustralia.org;info@visionaustralia.org;Level 2, 22 East Row, CANBERRA, ACT, 2601
;;Participate Community;;www.visionaustralia.org;info@visionaustralia.org;Level 2, 22 East Row, CANBERRA, ACT, 2601
;;Therapeutic Supports;;www.visionaustralia.org;info@visionaustralia.org;Level 2, 22 East Row, CANBERRA, ACT, 2601
;;Training-Travel Independence;;www.visionaustralia.org;info@visionaustralia.org;Level 2, 22 East Row, CANBERRA, ACT, 2601
;;Vision Equipment;;www.visionaustralia.org;info@visionaustralia.org;Level 2, 22 East Row, CANBERRA, ACT, 2601
Volunteering ACT Inc;CANBERRA;;;;;Level 2, 202 City Walk, CANBERRA, ACT, 2601
Wesley Mission Brisbane;CHERMSIDE;Interpret/Translate;611800246945;http://www.nabs.org.au;bookings@nabs.org.au;930 Gympie Rd, CHERMSIDE, QLD, 4032
Whithear, Joanne;LYNEHAM;;;;;7 Hall Street, LYNEHAM, ACT, 2617
Woden Community Service Incorporated;WODEN;Accommodation/Tenancy;;;;26 Corinna Street, WODEN, ACT, 2606
;;Assist-Integrate School/Ed;;;;26 Corinna Street, WODEN, ACT, 2606
;;Assist-Life Stage, Transition;;;;26 Corinna Street, WODEN, ACT, 2606
;;Assist-Personal Activities;;;;26 Corinna Street, WODEN, ACT, 2606
;;Assist-Travel/Transport;;;;26 Corinna Street, WODEN, ACT, 2606
;;Daily Tasks/Shared Living;;;;26 Corinna Street, WODEN, ACT, 2606
;;Development-Life Skills;;;;26 Corinna Street, WODEN, ACT, 2606
;;Household Tasks;;;;26 Corinna Street, WODEN, ACT, 2606
;;Participate Community;;;;26 Corinna Street, WODEN, ACT, 2606
;;Physical Wellbeing;;;;26 Corinna Street, WODEN, ACT, 2606
;;Plan Management;;;;26 Corinna Street, WODEN, ACT, 2606
;;Training-Travel Independence;;;;26 Corinna Street, WODEN, ACT, 2606
Wyndham, Annabel Heathcote;DUFFY;;610401351422;;annabelwyndham@optusnet.com.au;12/26 Eungella St, DUFFY, ACT, 2611
Yarrington, Jan;HIGGINS;Assess-Skill, Ability, Needs;;;yarrington@grapevine.com.au;35 Starke St, HIGGINS, ACT, 2615
;;Other Innovative Supports;;;yarrington@grapevine.com.au;35 Starke St, HIGGINS, ACT, 2615
;;Therapeutic Supports;;;yarrington@grapevine.com.au;35 Starke St, HIGGINS, ACT, 2615
ZORTEX ORTHOTICS PTY. LIMITED;CROWS NEST;;610294385003;www.zortexorthotics.com;info@zortexorthotics.com;SHOP 3, 36 HUME ST, CROWS NEST, NSW, 2065
