Aidacare Pty Ltd;ACACIA RIDGE;;;;admin@aidacare.com.au;252 Bradman St, ACACIA RIDGE, QLD, 4110
Andrew Valentine & Ian Smith;SOUTHPORT;Assist Prod-Pers Care/Safety;610755283478;www.beachwheelsaustralia.com;info@beachwheelsaustralia.com;20 Bauer Street, SOUTHPORT, QLD, 4215
;;Assistive Equip-Recreation;610755283478;www.beachwheelsaustralia.com;info@beachwheelsaustralia.com;20 Bauer Street, SOUTHPORT, QLD, 4215
CAP Education Pty Ltd;YEERONGAPILLY;Assist Prod-Pers Care/Safety;;;;105a 49 Station Road, YEERONGAPILLY, QLD, 4105
;;Assistive Prod-Household Task;;;;105a 49 Station Road, YEERONGAPILLY, QLD, 4105
;;Other Innovative Supports;;;;105a 49 Station Road, YEERONGAPILLY, QLD, 4105
;;Personal Mobility Equipment;;;;105a 49 Station Road, YEERONGAPILLY, QLD, 4105
;;Vision Equipment;;;;105a 49 Station Road, YEERONGAPILLY, QLD, 4105
Cerebral Palsy League of Queensland;NEW FARM;;;;info@cplqld.org.au;58 Oxlade Drive, NEW FARM, QLD, 4005
Deaf Services Queensland;MOOROOKA;;;;brett.casey@deafsq.org.au;915 Ipswich Road, MOOROOKA, QLD, 4105
Jonischkeit, Anette;WURTULLA;Assess-Skill, Ability, Needs;610488723370;http://www.paediatricphysio.com.au;paediatricphysio@yahoo.com.au;8 Firetail Court, WURTULLA, QLD, 4575
;;Equipment Special Assess Setup;610488723370;http://www.paediatricphysio.com.au;paediatricphysio@yahoo.com.au;8 Firetail Court, WURTULLA, QLD, 4575
;;Therapeutic Supports;610488723370;http://www.paediatricphysio.com.au;paediatricphysio@yahoo.com.au;8 Firetail Court, WURTULLA, QLD, 4575
National Disability Living Solutions Limited;EIGHT MILE PLAINS;;;;;Building 6, 2404 Logan Road, EIGHT MILE PLAINS, QLD, 4113
P & M Wiltshire Pty Ltd;PETRIE;;;;admin@m2mserv.com.au;17 D Aguilar Street, PETRIE, QLD, 4502
Sexton Trading Company Pty Ltd;NORTHGATE;;;;sales@sexton.com.au;72 Crockford Street, NORTHGATE, QLD, 4013
Support Management Solutions Pty Ltd;BRISBANE;;610732348988;www.sms-ndis.com.au;info@sms-ndis.com.au;Level 22, 333 Ann Street, BRISBANE, QLD, 4000
Templeton Wholesale Pty Ltd;DECEPTION BAY;;;;dian@oahealthcare.com.au;Unit 2, 2-8 Kabi Circuit, DECEPTION BAY, QLD, 4508
The Rehab Store Pty Ltd;REDLYNCH;;;;greg@therehabstore.net;6-8 Beltana Close, REDLYNCH, QLD, 4870
TrackingCentral Pty Ltd;KANGAROO POINT;Assist Prod-Pers Care/Safety;;;info@trackingcentral.com.au;Unit 43, 321 Main Street, KANGAROO POINT, QLD, 4169
Wesley Mission Brisbane;CHERMSIDE;;;;;ADDRESS CONFIDENTIAL
